"species","Locality","Latitude","Longitude","Belt","period","daily_survival_rate","daily_predation_rate","DPRtrans","DPR_assumption","Incubation_days","source_id","predated","hatched","infertile","other_failed","Failed_together","N.nests","obs_time","Exposure_days","years","mean_year","years_nr","References.and.notes","DPR","TPR"
"Charadrius_montanus","north-central Montana",47.8,-108.017,"North temperate","before",NA,NA,"NO","Fail_is_depr",31.5,"50",255,177,NA,NA,255,432,0.5,5542,"1995-2000",1997.5,6,"Dinsmore et al. 2002",0.0460122699386503,0.773223602364198
"Chionis_albus","King George Island, Nelson Island",-62.168,-58.693,"South temperate","before",NA,NA,"YES","Fail_is_depr",32,"57",0,29,NA,NA,0,29,0.5,464,"1989-1991",1990,3,"Favero 1993",0,0
"Calidris_alpina","Kuparuk Oilfield, North Slope, Alaska",70.38,-149.534,"Arctic","before",NA,NA,"YES","Fail_is_depr",25,"58",5,30,NA,NA,5,35,0.5,406.25,"1989-1992",1990.5,4,"Moitoret et al. 1996",0.0123076923076923,0.266260692239514
"Calidris_himantopus","Kuparuk Oilfield, North Slope, Alaska",70.38,-149.534,"Arctic","before",NA,NA,"YES","Fail_is_depr",24,"58",5,24,NA,NA,5,29,0.5,318,"1989-1992",1990.5,4,"Moitoret et al. 1996",0.0157232704402516,0.316382421697177
"Calidris_melanotos","Kuparuk Oilfield, North Slope, Alaska",70.38,-149.534,"Arctic","before",NA,NA,"YES","Fail_is_depr",26,"58",20,103,NA,NA,20,123,0.5,1469,"1989-1992",1990.5,4,"Moitoret et al. 1996",0.0136147038801906,0.299817371551499
"Calidris_pusilla","Kuparuk Oilfield, North Slope, Alaska",70.38,-149.534,"Arctic","before",NA,NA,"YES","Fail_is_depr",23.5,"58",24,155,NA,NA,24,179,0.5,1962.25,"1989-1992",1990.5,4,"Moitoret et al. 1996",0.012230857434068,0.251135592205205
"Limnodromus_scolopaceus","Kuparuk Oilfield, North Slope, Alaska",70.38,-149.534,"Arctic","before",NA,NA,"YES","Fail_is_depr",24.25,"58",3,14,NA,NA,3,17,0.5,187.9375,"1989-1992",1990.5,4,"Moitoret et al. 1996",0.0159627535749917,0.323091802216968
"Phalaropus_fulicarius","Kuparuk Oilfield, North Slope, Alaska",70.38,-149.534,"Arctic","before",NA,NA,"YES","Fail_is_depr",22.8,"58",7,49,NA,NA,7,56,0.5,598.5,"1989-1992",1990.5,4,"Moitoret et al. 1996",0.0116959064327485,0.235274542011716
"Pluvialis_dominica","Kuparuk Oilfield, North Slope, Alaska",70.38,-149.534,"Arctic","before",NA,NA,"YES","Fail_is_depr",32.25,"58",9,15,NA,NA,9,24,0.5,314.4375,"1989-1992",1990.5,4,"Moitoret et al. 1996",0.0286225402504472,0.608020188338939
"Pluvialis_squatarola","Kuparuk Oilfield, North Slope, Alaska",70.38,-149.534,"Arctic","before",NA,NA,"YES","Fail_is_depr",31.75,"58",6,19,NA,NA,6,25,0.5,349.25,"1989-1992",1990.5,4,"Moitoret et al. 1996",0.0171796707229778,0.423162264662004
"Tryngites_subruficollis","Kuparuk Oilfield, North Slope, Alaska",70.38,-149.534,"Arctic","before",NA,NA,"YES","Fail_is_depr",27,"58",6,20,NA,NA,6,26,0.5,310.5,"1989-1992",1990.5,4,"Moitoret et al. 1996",0.0193236714975845,0.409535630103634
"Phalaropus_lobatus","Kuparuk Oilfield, North Slope, Alaska",70.38,-149.534,"Arctic","before",NA,NA,"YES","Fail_is_depr",22.5,"58",2,9,NA,NA,2,11,0.5,112.5,"1989-1992",1990.5,3,"Moitoret et al. 1996",0.0177777777777778,0.332087609137489
"Rhinoptilus_africanus","Droëgrond, Northern Cape Province",-29.117,20.317,"South tropics","before",NA,0.005,"NO","DPR_direct_from_source",26,"67",NA,NA,NA,NA,NA,NA,0.5,199.5,"1993-1996",1994.5,4,"Lloyd 2004",0.005,0.122190858265943
"Rhinoptilus_africanus","Kalahari Gemsbok National Park",-25.44,20.903,"South tropics","before",NA,0.0084,"NO","DPR_direct_from_source",26,"67",NA,NA,NA,NA,NA,NA,0.5,475,"1993-1996",1994.5,4,"Lloyd 2004",0.0084,0.196937270653511
"Burhinus_oedicnemus","Salisbury plain, Wessex",51.195,-1.903,"North temperate","after",0.9582,NA,"YES","NA",27,"85",50,60,NA,12,62,122,0.6,1377,"2004-2005",2004.5,2,"Taylor 2006",0.0363108206245461,0.631617890581156
"Burhinus_oedicnemus","Nag valley",27.683,65.233,"North tropics","before",NA,NA,"YES","Fail_is_depr, NA",27,"86, 514",15,73,1,3,19,92,0.6,1344.6,"1999-2001",2000,1,"Nadeem at al. 2014, Nadeem in litt.",0.0111557340473003,0.26132519349815
"Burhinus_oedicnemus","Nag valley",27.683,65.233,"North tropics","after",NA,NA,"YES","Fail_is_depr, NA",27,"86, 514",28,91,NA,1,29,120,0.6,1709.1,"1999-2001",2000,2,"Nadeem at al. 2014, Nadeem in litt.",0.0163828915803639,0.359817206213347
"Pluvianellus_socialis","Santa Cruz Province",-51.23,-69.494,"South temperate","after",0.975,NA,"YES","NA",27,"88",4,12,0,1,5,17,0.5,195.75,"2006-2007",2006.5,1,"Lishman & Nol 2012",0.0204342273307791,0.427326283608495
"Haematopus_bachmani","Beardslee Islands, Alaska",58.508,-135.93,"North temperate","after",NA,NA,"YES","NA",28.5,"89",18,29,4,59,81,110,0.5,1018.875,"2004-2005",2004.5,2,"Tessler & Garding 2006",0.0176665439823335,0.398300489703058
"Haematopus_palliatus","Cumberland Island, Georgia",30.865,-81.45,"North temperate","after",NA,NA,"YES","NA",28.75,"90",13,12,NA,5,18,30,0.5,287.5,"2003-2004",2003.5,2,"Sabine at al. 2005",0.0452173913043478,0.735604311937584
"Haematopus_palliatus","São Paulo coast",-24.859,-47.726,"South tropics","after",NA,NA,"YES","NA",28.75,"91",1,13,NA,8,9,22,0.6,301.875,"2005-2008",2006.5,4,"Barbieri & Delchiaro 2009",0.00331262939958592,0.0909872774777676
"Haematopus_moquini","Robben Island, 7 km from the coast",-33.806,18.369,"South temperate","after",NA,NA,"YES","NA",28,"92",14,43,NA,NA,14,57,0.5,700,"2001-2002",2001.5,1,"Calf and Underhill 2002",0.02,0.432023824049941
"Haematopus_moquini","De Hoop Nature Reserve",-34.46,20.552,"South temperate","before",NA,NA,"YES","NA",28,"93",1,38,NA,21,22,60,0.5,686,"1984-1989",1986.5,6,"Scott et al. 2011",0.00145772594752187,0.0400231457647068
"Anarhynchus_frontalis","Rakaia and Ashey river",-43.545,172.186,"South temperate","before",NA,NA,"YES","NA",32,"94",7,27,0,22,29,56,0.6,796.8,"1982-1983",1982.5,2,"Hughey 1985",0.008785140562249,0.246002809697862
"Charadrius_bicinctus","Rakaia and Ashey river",-43.545,172.186,"South temperate","before",NA,NA,"YES","NA",31,"94",21,64,0,38,59,123,0.6,1739.1,"1982-1983",1982.5,2,"Hughey 1985",0.012075211316198,0.313816351103286
"Haematopus_finschi (H. ostralegus finchi)","Rakaia and Ashey river",-43.545,172.186,"South temperate","before",NA,NA,"YES","NA",28.5,"94",2,8,0,3,5,13,0.6,179.55,"1982-1983",1982.5,2,"Hughey 1985",0.0111389585073796,0.273300076453057
"Himantopus_himantopus","Rakaia and Ashey river",-43.545,172.186,"South temperate","before",NA,NA,"YES","NA",27.75,"94",1,4,0,8,9,13,0.6,141.525,"1982-1983",1982.5,2,"Hughey 1985",0.00706588941883059,0.178624123137058
"Gallinago_gallinago","The Netherlands, whole country",52.308,5.526,"North temperate","before",0.994,0.00600000000000001,"NO","DPR_direct_from_source",23,"95",NA,NA,NA,NA,NA,NA,0.5,0,"1974-1983",1978.5,10,"Beintema & Müskens 1987",0.00600000000000001,0.129263316932654
"Haematopus_ostralegus","The Netherlands, whole country",52.308,5.526,"North temperate","before",0.986,0.014,"NO","DPR_direct_from_source",28.5,"95",NA,NA,NA,NA,NA,NA,0.5,0,"1974-1983",1978.5,10,"Beintema & Müskens 1987",0.014,0.330898388552628
"Limosa_limosa","The Netherlands, whole country",52.308,5.526,"North temperate","before",0.989,0.011,"NO","DPR_direct_from_source",27,"95",NA,NA,NA,NA,NA,NA,0.5,0,"1974-1983",1978.5,10,"Beintema & Müskens 1987",0.011,0.258177719537594
"Philomachus_pugnax","The Netherlands, whole country",52.308,5.526,"North temperate","before",0.999,0.001,"NO","DPR_direct_from_source",25.5,"95",NA,NA,NA,NA,NA,NA,0.5,0,"1974-1983",1978.5,10,"Beintema & Müskens 1987",0.001,0.0251900582324602
"Recurvirostra_avosetta","The Netherlands, whole country",52.308,5.526,"North temperate","before",0.995,0.005,"NO","DPR_direct_from_source",27.7,"95",NA,NA,NA,NA,NA,NA,0.5,0,"1974-1983",1978.5,10,"Beintema & Müskens 1987",0.005,0.12963917202036
"Tringa_totanus","The Netherlands, whole country",52.308,5.526,"North temperate","before",0.993,0.00700000000000001,"NO","DPR_direct_from_source",27.75,"95",NA,NA,NA,NA,NA,NA,0.5,0,"1974-1983",1978.5,10,"Beintema & Müskens 1987",0.00700000000000001,0.177110263252017
"Vanellus_vanellus","The Netherlands, whole country",52.308,5.526,"North temperate","before",0.987,0.013,"NO","DPR_direct_from_source",31,"95",NA,NA,NA,NA,NA,NA,0.5,0,"1974-1983",1978.5,10,"Beintema & Müskens 1987",0.013,0.333451534786844
"Haematopus_ostralegus","Konskyi islansd, Black Sea reserve",46.391,32.033,"North temperate","before",NA,NA,"YES","NA",28.5,"96",26,64,NA,NA,26,90,0.5,1097.25,"1984-1991",1987.5,7,"Rudenko 1998",0.0236956026429711,0.495130082352893
"Calidris_alpina","South Uist, Hebrides",57.338,-7.385,"North temperate","before",0.945125,NA,"NO","NA",25,"97",101,116,0,5,106,222,0.5,2379,"1985-1997",1991,13,"Jackson & Green 2000",0.0424548129466162,0.6619492197629
"Charadrius_hiaticula","South Uist, Hebrides",57.338,-7.385,"North temperate","before",0.939475,NA,"NO","NA",28,"97",113,61,0,9,122,183,0.5,2259,"1985-1997",1991,13,"Jackson & Green 2000",0.0500221336874723,0.762328215014878
"Haematopus_ostralegus","South Uist, Hebrides",57.338,-7.385,"North temperate","before",0.98405,NA,"NO","NA",28.5,"97",16,64,0,3,19,83,0.5,1422,"1995-1997",1996,3,"Jackson & Green 2000",0.0112517580872011,0.275658876705599
"Tringa_totanus","South Uist, Hebrides",57.338,-7.385,"North temperate","before",0.922675,NA,"NO","NA",27.75,"97",30,39,0,0,30,69,0.5,903,"1985-1997",1991,13,"Jackson & Green 2000",0.0332225913621262,0.608429296241385
"Vanellus_vanellus","South Uist, Hebrides",57.338,-7.385,"North temperate","before",0.9615,NA,"NO","NA",31,"97",60,99,0,10,70,169,0.5,1815,"1995-1997",1996,3,"Jackson & Green 2000",0.0330578512396694,0.647292061701785
"Calidris_alpina","south part of Oländ",56.264,16.445,"North temperate","after",0.935,NA,"NO","NA",25,"98",4,2,NA,NA,4,6,0.5,61.5,"2004-2004",2004,1,"Ottvall 2005",0.0650406504065041,0.813869209049548
"Charadrius_hiaticula","south part of Oländ",56.264,16.445,"North temperate","after",0.94,NA,"NO","NA",28,"98",10,4,NA,1,11,15,0.5,166,"2004-2004",2004,1,"Ottvall 2005",0.0602409638554217,0.82442515697436
"Haematopus_ostralegus","south part of Oländ",56.264,16.445,"North temperate","after",0.879,NA,"NO","NA",28.5,"98",22,1,NA,NA,22,23,0.5,182,"2004-2004",2004,1,"Ottvall 2005",0.120879120879121,0.974567740392658
"Limosa_limosa","south part of Oländ",56.264,16.445,"North temperate","after",0.809,NA,"NO","NA",27,"98",4,0,NA,NA,4,4,0.5,21,"2004-2004",2004,1,"Ottvall 2005",0.19047619047619,0.996671872778084
"Recuvirostra_avosetta","south part of Oländ",56.264,16.445,"North temperate","after",0.879,NA,"NO","NA",NA,"98",5,1,NA,1,6,7,0.5,41.5,"2004-2004",2004,1,"Ottvall 2005",0.120481927710843,NA
"Tringa_totanus","south part of Oländ",56.264,16.445,"North temperate","after",0.921,NA,"NO","NA",27.75,"98",27,7,NA,4,31,38,0.5,366.5,"2004-2004",2004,1,"Ottvall 2005",0.0736698499317872,0.880394558092362
"Vanellus_vanellus","south part of Oländ",56.264,16.445,"North temperate","after",0.949,NA,"NO","NA",31,"98",44,27,NA,NA,44,71,0.5,866,"2004-2004",2004,1,"Ottvall 2005",0.0508083140877598,0.801403453886683
"Haematopus_fuliginosus","Furneaux Island Group, Tasmania",-40.094,148.088,"South temperate","before",NA,NA,"YES","Fail_is_depr",28,"99",26,38,NA,NA,26,64,0.6,856.8,"1988-1989",1988.5,2,"Lauro & Nol 1995",0.0303454715219421,0.578034600360962
"Haematopus_longirostris","Furneaux Island Group, Tasmania",-40.094,148.088,"South temperate","before",NA,NA,"YES","Fail_is_depr",28,"99",15,21,NA,NA,15,36,0.6,478.8,"1988-1989",1988.5,2,"Lauro & Nol 1995",0.031328320802005,0.589847963851803
"Haematopus_unicolor","Long Bay Regional Park, Auckland",-36.676,174.746,"South temperate","after",NA,NA,"YES","Fail_is_depr",28,"100",3,14,NA,NA,3,17,0.5,217,"2006-2012",2009,7,"Michaux 2013",0.0138248847926267,0.322805993056599
"Haematopus_chathamensis","Chatham Island",-43.784,-176.562,"South temperate","before",NA,NA,"YES","NA",29,"101",3,20,1,14,18,38,0.5,427.75,"1998-2004",2001,1,"Moore & Reid 2009",0.00701344243132671,0.184624401124541
"Haematopus_chathamensis","Chatham Island",-43.784,-176.562,"South temperate","after",NA,NA,"YES","NA",29,"101",14,55,6,12,32,87,0.5,1036.75,"1998-2004",2001,2,"Moore & Reid 2009",0.0135037376416687,0.325832395212842
"Himantopus_himantopus","Doñana + Odiel, Southern Spain",36.95,-6.233,"North temperate","before",0.96775,NA,"NO","Fail_is_depr",27.75,"102",94,139,NA,0,94,233,0.6,3049,"1990-1991",1990.5,2,"Cuervo 2005",0.0308297802558216,0.580625819710568
"Recurvirostra_avosetta","Doñana, Southern Spain",36.95,-6.233,"North temperate","before",0.9715,NA,"NO","Fail_is_depr",27.7,"102",57,107,NA,0,57,164,0.6,2147.5,"1990-1991",1990.5,2,"Cuervo 2005",0.0265424912689173,0.52534191481769
"Himantopus_leucocephalus","Cass river Valley + surrounding",-43.862,170.45,"South temperate","before",NA,NA,"NO","Fail_is_depr",NA,"103",12,113,NA,0,12,125,0.6,353,"1977-1979",1978,3,"Pierce 1986",0.0339943342776204,NA
"Himantopus_novaezelandiae","Cass river Valley + surrounding",-43.862,170.45,"South temperate","before",NA,NA,"NO","Fail_is_depr",27.5,"103",68,-18,NA,0,68,50,0.6,1679.5,"1977-1979",1978,3,"Pierce 1986",0.0404882405477821,0.679089966438435
"Himantopus_mexicanus","San Francisco Bay, California",37.433,-121.967,"North temperate","after",NA,NA,"YES","NA",NA,"104",30,9,0,6,36,45,0.6,0,"2006-2007",2006.5,2,"Herring et al. 2011",NA,NA
"Recurvirostra_americana","San Francisco Bay, California",37.433,-121.967,"North temperate","after",NA,NA,"YES","NA",28.1,"104",56,22,5,15,76,98,0.6,927.3,"2006-2007",2006.5,2,"Herring et al. 2011",0.0603903806750782,0.826290542307683
"Vanellus_vanellus","Dalwhinnie and Kingussie, Scotland",57.009,-4.164,"North temperate","before",0.96,NA,"NO","Fail_is_depr",31,"106",154,90,NA,0,154,244,0.6,4324,"1984-1986",1985,3,"Galbraith 1988",0.0356151711378353,0.675091210246624
"Vanellus_vanellus","Eden Valley and Upper Teesdale",54.575,-2.411,"North temperate","before",NA,NA,"YES","NA",31,"107",343,375,NA,NA,343,718,0.6,10164.9,"1985-1987",1986,3,"Baines 1990",0.0337435685545357,0.654964066892775
"Vanellus_vanellus","Västerfärnebo (""near"" Stockholm)",59.95,16.283,"North temperate","before",0.9702,NA,"NO","NA",31,"108",62.886,428.906,NA,378.208,441.094,870,0.5,12746,"1988-1990",1989,3,"Berg et al. 1992",0.00493378314765417,0.142149834958663
"Vanellus_vanellus","near Gothenburg",57.592,11.976,"North temperate","before",NA,NA,"YES","NA",31,"109",34,148,NA,29,63,211,0.5,2735.75,"1987-1990",1988.5,4,"Blomqvist & Johansson 1995",0.0124280361875171,0.321372710869877
"Calidris_alpina","Varberg, South-West Sweeden",57.126,12.237,"North temperate","before",NA,NA,"YES","NA",25,"110",1,5,NA,3,4,9,0.5,81.25,"1986-1987",1986.5,2,"Flodin et al. 1995",0.0123076923076923,0.266260692239514
"Limosa_limosa","Varberg, South-West Sweeden",57.126,12.237,"North temperate","before",NA,NA,"YES","NA",27,"110",3,5,NA,0,3,8,0.5,87.75,"1986-1987",1986.5,2,"Flodin et al. 1995",0.0341880341880342,0.609069363232763
"Tringa_totanus","Varberg, South-West Sweeden",57.126,12.237,"North temperate","before",NA,NA,"YES","NA",27.75,"110",5,30,NA,4,9,39,0.5,457.875,"1986-1987",1986.5,2,"Flodin et al. 1995",0.0109200109200109,0.262653239531643
"Vanellus_vanellus","Varberg, South-West Sweeden",57.126,12.237,"North temperate","before",NA,NA,"YES","NA",31,"110",16,38,NA,8,24,62,0.5,759.5,"1986-1987",1986.5,2,"Flodin et al. 1995",0.0210664911125741,0.483168429630953
"Philomachus_pugnax","Varberg, South-West Sweeden",57.126,12.237,"North temperate","before",NA,NA,"YES","NA",25.5,"110",0,0,NA,1,1,1,0.5,6.375,"1986-1987",1986.5,1,"Flodin et al. 1995",0,0
"Vanellus_vanellus","Emley marshes, England",51.385,0.805,"North temperate","before",NA,NA,"YES","NA",31,"111",39,44,0,3,42,86,0.5,1007.5,"1997-1997",1997,1,"Hart et al. 2002",0.0387096774193548,0.705902266550918
"Vanellus_vanellus","Holýšov surroundings, West Bohemia",49.589,13.069,"North temperate","before",NA,NA,"YES","NA",31,"112",15,12,0,8,23,35,0.6,409.2,"1992-2001",1996.5,10,"Schröpfer 2002",0.0366568914956012,0.685796627661923
"Vanellus_vanellus","Alke Sorge, Meggerdorf",54.354,9.357,"North temperate","before",NA,NA,"YES","NA",31,"114",NA,NA,NA,NA,NA,NA,0.6,0,"1999-2002",2000,1,"Köster & Bruns 2003",NA,NA
"Vanellus_vanellus","Alke Sorge, Meggerdorf",54.354,9.357,"North temperate","after",NA,NA,"YES","NA",31,"114",NA,NA,NA,NA,NA,NA,0.6,0,"1999-2002",2000.25,3,"Köster & Bruns 2003",NA,NA
"Vanellus_vanellus","Stollhammer Wisch, Northern Lower Saxony",53.523,8.398,"North temperate","after",NA,0.02272,"YES","Fail_is_depr",31,"115",145,100,NA,NA,145,245,0.5,2673.75,"2001-2005",2003,5,"Junker et al. 2006",0.02272,0.509556094381054
"Vanellus_vanellus","Flintshire, North Wales",53.184,-3.114,"North temperate","after",0.967,0.027,"YES","NA",31,"116",135,106,NA,35,170,276,0.6,3441,"2003-2004",2003.5,2,"Sharpe 2006",0.027,0.571946504052769
"Vanellus_vanellus","Netherlands",52.1917324,3.0367669,"North temperate","after",NA,NA,"YES","NA",31,"117",42,129,NA,80,122,251,0.5,2890.75,"2005-2006",2005.5,2,"Kragten & De Snoo 2007",0.0145291014442619,0.364730624034865
"Vanellus_vanellus","Lustenau, Austrian Rhine Valley",47.444,9.698,"North temperate","after",NA,NA,"YES","NA",31,"118",93,26,NA,17,110,136,0.6,1506.6,"2007-2008",2007.5,2,"Puchta et al. 2009",0.0617283950617284,0.861265084026428
"Vanellus_vanellus","Bohemia",49.966793,14.211334,"North temperate","after",NA,0.028,"NO","NA",31,"119",57,47,0,0,57,104,0.5,2004,"2010-2013",2011.5,4,"Zámecníket al. 2017",0.0284431137724551,0.591195879976979
"Vanellus_spinosus","Evros Delta",40.794,26.072,"North temperate","after",NA,NA,"YES","NA",28,"120",0,19,0,20,20,39,0.6,487.2,"2003-2003",2003,1,"Makrigianni et al. 2008",0,0
"Vanellus_coronatus","Harare(Salisbury)",-17.799,31.021,"South tropics","before",NA,NA,"YES","NA",32,"121",1,23,NA,1,2,25,0.9,676.8,"1977-1977",1977,1,"Ade 1979",0.00147754137115839,0.0462143214478051
"Vanellus_cinereus","Kaga city, Ishikawa prefecture",36.293,136.311,"North temperate","after",NA,NA,"YES","NA",30.5,"122",4,33,NA,40,44,77,0.6,1006.5,"2004-2005",2004.5,2,"Takahashi & Ohkawara 2007",0.00397416790859414,0.114367871917565
"Vanellus_novaehollandie","Invercargill, Southland",-46.419,168.288,"South temperate","before",NA,NA,"YES","NA, Fail_is_depr",35,"123",179,292,12,103,294,586,0.5,7525,"1965-1969",1967,5,"Barlow et al. 1972",0.0237873754152824,0.569419169566371
"Vanellus_novaehollandie","Pinjara Hills, Brisbane",-27.536,152.92,"South tropics","before",NA,NA,"YES","NA",35,"124",NA,NA,NA,NA,NA,NA,0.6,0,"1989-1990",1989.5,2,"Giese & Jones 1996",NA,NA
"Vanellus_novaehollandie","Phillip Island, southern Victoria",-38.48,145.224,"South temperate","after",NA,NA,"YES","NA",35,"125",3,26,0,28,31,57,0.5,551.25,"2010-2010",2010,1,"Cardilini et al. 2013",0.0054421768707483,0.1738644222406
"Vanellus_gregarius","Korgalzhyn",50.583,70.017,"North temperate","after",0.943,NA,"NO, YES","Fail_is_depr, NA",28,"126, 127",346,492,0,172,518,1010,0.6,12939.8,"2004-2014",2008.95,10,"Sheldon et al. 2013, Sheldon and Donald in litt., Watson et al. 2006",0.0267392077157298,0.531814035491564
"Vanellus_gregarius","Pavlodar",53.173,76.047,"North temperate","after",NA,NA,"NO","NA",28,"127",67,43,NA,28,95,138,0.6,1572,"2007-2007",2007,1,"Sheldon et al. 2013, Sheldon and Donald in litt.",0.0426208651399491,0.704640577400257
"Vanellus_chilensis","Curitiba, Paraná (CITY!)",-25.45,-49.217,"South tropics","after",NA,NA,"YES","NA",32,"128",0,30,NA,NA,0,30,0.9,864,"2012-2012",2012,1,"Cerboncini et al. 2015, Ricardo Augusto Cerboncini in litt.",0,0
"Vanellus_chilensis","Brasília",-15.815,-47.879,"South tropics","after",0.97653,0.023474,"NO","NA",32,"129",9,22,NA,4,13,35,0.5,639,"2007-2007",2007,1,"Santos in litt., Santos & Macedo 2017",0.0140845070422535,0.364859039536519
"Eudromias_morinellus","Hardangervidda ",60.383,7.633,"Arctic","before",NA,NA,"NO","NA",29,"130",16,37,NA,NA,16,53,0.9,630.5,"1977-1985",1981,9,"Byrkjedal 1987",0.0253766851704996,0.525466264050326
"Pluvialis_apricaria","Hardangervidda ",60.383,7.633,"Arctic","before",NA,NA,"NO","NA",34.5,"130",27,24,NA,NA,27,51,0.9,492,"1977-1985",1981,9,"Byrkjedal 1987",0.0548780487804878,0.857330601832926
"Arenaria_interpres","Medusa Bay, Taimyr",73.079,80.654,"Arctic","after",0.893,NA,"NO","NA",25.9,"131",6,3,NA,NA,6,9,0.6,154,"2000-2002",2001,3,"Schekkerman et al. 2004",0.038961038961039,0.642733941198084
"Calidris_alpina","Medusa Bay, Taimyr",73.079,80.654,"Arctic","after",0.921,NA,"NO","NA",25,"131",6,21,NA,NA,6,27,0.6,797,"2000-2002",2001,3,"Schekkerman et al. 2004",0.00752823086574655,0.172145426228298
"Calidris_ferruginea","Medusa Bay, Taimyr",73.079,80.654,"Arctic","after",0.849,NA,"NO","NA",24.7,"131",3,9,NA,NA,3,12,0.6,303,"2000-2002",2001,3,"Schekkerman et al. 2004",0.0099009900990099,0.217900393160539
"Calidris_minuta","Medusa Bay, Taimyr",73.079,80.654,"Arctic","after",0.886333333333333,NA,"NO","NA",24.5,"131",28,91,NA,7,35,126,0.6,2506,"2000-2002",2001,3,"Schekkerman et al. 2004",0.0111731843575419,0.240643408990951
"Charadrius_hiaticula","Medusa Bay, Taimyr",73.079,80.654,"Arctic","after",0.954666666666667,NA,"NO","NA",28,"131",4,3,NA,NA,4,7,0.6,255,"2000-2002",2001,3,"Schekkerman et al. 2004",0.0156862745098039,0.357698184875357
"Pluvialis_fulva","Medusa Bay, Taimyr",73.079,80.654,"Arctic","after",0.934333333333333,NA,"NO","NA",33.25,"131",9,14,NA,NA,9,23,0.6,854,"2000-2002",2001,3,"Schekkerman et al. 2004",0.0105386416861827,0.296909269656329
"Arenaria_interpres","Bay of Chaun and Koljuchinskaja",68.61,171.241,"Arctic","before",NA,NA,"YES","NA",25.9,"133",4,43,NA,1,5,48,0.5,589.225,"1972-1980",1976,9,"Kondrjatev 1982",0.00678857821714965,0.16173725434579
"Calidris_alpina","Bay of Chaun and Koljuchinskaja",68.61,171.241,"Arctic","before",NA,NA,"YES","NA",25,"133",16,30,NA,5,21,51,0.5,506.25,"1972-1980",1976,9,"Kondrjatev 1982",0.0316049382716049,0.551962719042892
"Calidris_mauri","Bay of Chaun and Koljuchinskaja",68.61,171.241,"Arctic","before",NA,NA,"YES","NA",25,"133",8,12,NA,NA,8,20,0.5,200,"1972-1974",1973,3,"Kondrjatev 1982",0.04,0.639603283141982
"Calidris_melanotos","Bay of Chaun and Koljuchinskaja",68.61,171.241,"Arctic","before",NA,NA,"YES","NA",26,"133",8,15,NA,NA,8,23,0.5,247,"1972-1980",1976,9,"Kondrjatev 1982",0.0323886639676113,0.575160743715472
"Calidris_ptilocnemis","Bay of Chaun and Koljuchinskaja",68.61,171.241,"Arctic","before",NA,NA,"YES","NA",24,"133",0,2,NA,NA,0,2,0.5,24,"1972-1974",1973,3,"Kondrjatev 1982",0,0
"Calidris_temminckii","Bay of Chaun and Koljuchinskaja",68.61,171.241,"Arctic","before",NA,NA,"YES","NA",24.8,"133",5,11,NA,2,7,18,0.5,179.8,"1972-1980",1976,9,"Kondrjatev 1982",0.0278086763070078,0.503129543933575
"Charadrius_hiaticula","Bay of Chaun and Koljuchinskaja",68.61,171.241,"Arctic","before",NA,NA,"YES","NA",28,"133",6,13,NA,NA,6,19,0.5,224,"1972-1980",1976,9,"Kondrjatev 1982",0.0267857142857143,0.53244004563575
"Eurynorhynchus_pygmeus","Bay of Chaun and Koljuchinskaja",68.61,171.241,"Arctic","before",NA,NA,"YES","NA",23,"133",7,9,NA,NA,7,16,0.5,143.75,"1972-1974",1973,3,"Kondrjatev 1982",0.048695652173913,0.682789117763636
"Limnodromus_scolopaceus","Bay of Chaun and Koljuchinskaja",68.61,171.241,"Arctic","before",NA,NA,"YES","NA",24.25,"133",10,11,NA,4,14,25,0.5,218.25,"1972-1980",1976,9,"Kondrjatev 1982",0.0458190148911798,0.679339198138315
"Phalaropus_fulicarius","Bay of Chaun and Koljuchinskaja",68.61,171.241,"Arctic","before",NA,NA,"YES","NA",22.8,"133",42,51,NA,5,47,98,0.5,849.3,"1972-1980",1976,9,"Kondrjatev 1982",0.049452490286118,0.685367712713317
"Phalaropus_lobatus","Bay of Chaun and Koljuchinskaja",68.61,171.241,"Arctic","before",NA,NA,"YES","NA",22.5,"133",18,29,NA,5,23,52,0.5,455.625,"1972-1980",1976,9,"Kondrjatev 1982",0.0395061728395062,0.596235615761141
"Philomachus_pugnax","Bay of Chaun and Koljuchinskaja",68.61,171.241,"Arctic","before",NA,NA,"YES","NA",25.5,"133",14,26,NA,3,17,43,0.5,439.875,"1972-1980",1976,9,"Kondrjatev 1982",0.0318272236430804,0.561673122527198
"Pluvialis_fulva","Bay of Chaun and Koljuchinskaja",68.61,171.241,"Arctic","before",NA,NA,"YES","NA",33.25,"133",1,5,NA,2,3,8,0.5,108.0625,"1972-1980",1976,9,"Kondrjatev 1982",0.0092539039907461,0.265910871813511
"Pluvialis_squatarola","Bay of Chaun and Koljuchinskaja",68.61,171.241,"Arctic","before",NA,NA,"YES","NA",31.75,"133",3,25,NA,1,4,29,0.5,428.625,"1972-1980",1976,9,"Kondrjatev 1982",0.00699912510936133,0.199887991642606
"Tringa_erythropus","Bay of Chaun and Koljuchinskaja",68.61,171.241,"Arctic","before",NA,NA,"YES","NA",27.75,"133",0,15,NA,2,2,17,0.5,222,"1975-1980",1977.5,6,"Kondrjatev 1982",0,0
"Pluvialis_squatarola","Wrangel Island, Chukotka",71.333,-179.5,"Arctic","after",NA,NA,"YES","NA",31.75,"134",4,13,NA,2,6,19,0.5,254,"2007-2007",2007,1,"Tomkovich & Dondua 2011",0.015748031496063,0.395877831464001
"Charadrius_aquilonius","Matakana Island",-37.557,176.058,"South temperate","before",NA,NA,"YES","NA",33,"135",85,77,0,75,160,237,0.9,4603.5,"1992-2000",1996,7,"Wills et al. 2003",0.0184642120125991,0.459366950270819
"Charadrius_aquilonius","Matakana Island",-37.557,176.058,"South temperate","after",NA,NA,"YES","NA",33,"135",14,20,0,5,19,39,0.9,861.3,"1992-2000",1996,1,"Wills et al. 2003",0.0162544990131197,0.417721099464564
"Charadrius_hiaticula","Lindisfarne NNR, North Englang",55.667,-1.833,"North temperate","before",0.942666666666667,NA,"NO, YES","Fail_is_depr, NA",28,"136",101,59,1,8,110,169,0.5,2208,"1974-1977",1975.5,3,"Messrs Heywood, Watts, Thompson & Chester (pers. comm. & Nest Record Cards) in Pienkowski 1984, P. A. Snell (pers. comm.) in Pienkowski 1984, Pienkowski 1984",0.0457427536231884,0.730453893221043
"Charadrius_hiaticula","Cyrus NNR, Scotland",56.76,-2.418,"North temperate","before",0.9158,NA,"NO","NA",28,"136",74,NA,NA,9,83,83,0.5,464.5,"1974-1975",1974.5,2,"N. K. Atkinson (pers. comm.) in Pienkowski 1984",0.159311087190527,0.992241300051844
"Charadrius_hiaticula","Mestersvig, Scoresby Land,",72.233,-23.917,"Arctic","before",0.967,NA,"NO","NA",28,"136",6,7,0,0,6,13,0.5,182,"1974-1974",1974,1,"Pienkowski 1984",0.032967032967033,0.608838741066708
"Calidris_alpina","Churchill, Manitoba",58.698,-93.942,"North temperate","before",NA,NA,"YES","NA",25,"137",0,13,0,0,0,13,0.5,162.5,"1964-1967",1965.5,4,"Jehl 1971",0,0
"Calidris_himantopus","Churchill, Manitoba",58.698,-93.942,"North temperate","before",NA,NA,"YES","NA",24,"137",5,38,0,0,5,43,0.5,486,"1964-1967",1965.5,4,"Jehl 1971",0.0102880658436214,0.21979025458889
"Calidris_minutilla","Churchill, Manitoba",58.698,-93.942,"North temperate","before",NA,NA,"YES","NA",24,"137",6,46,1,3,10,56,0.5,612,"1964-1967",1965.5,4,"Jehl 1971",0.00980392156862745,0.210578685027231
"Calidris_pusilla","Churchill, Manitoba",58.698,-93.942,"North temperate","before",NA,NA,"YES","NA",23.5,"137",0,8,0,0,0,8,0.5,94,"1964-1967",1965.5,4,"Jehl 1971",0,0
"Charadrius_semipalmatus","Churchill, Manitoba",58.698,-93.942,"North temperate","before",NA,NA,"YES","NA",28,"137",0,14,0,1,1,15,0.5,196,"1964-1967",1965.5,4,"Jehl 1971",0,0
"Gallinago_gallinago","Churchill, Manitoba",58.698,-93.942,"North temperate","before",NA,NA,"YES","NA",23,"137",2,1,0,0,2,3,0.5,23,"1964-1967",1965.5,4,"Jehl 1971",0.0869565217391304,0.876603298588567
"Limnodromus_griseus","Churchill, Manitoba",58.698,-93.942,"North temperate","before",NA,NA,"YES","NA",25,"137",0,8,0,0,0,8,0.5,100,"1964-1967",1965.5,4,"Jehl 1971",0,0
"Limosa_haemastica","Churchill, Manitoba",58.698,-93.942,"North temperate","before",NA,NA,"YES","NA",27,"137",1,11,0,0,1,12,0.5,155.25,"1964-1967",1965.5,4,"Jehl 1971",0.00644122383252818,0.160102624606045
"Numenius_phaeopus","Churchill, Manitoba",58.698,-93.942,"North temperate","before",0.980666666666667,NA,"YES, NO","NA",29,"137, 178",9,14,0,2,11,25,0.5,1121,"1964-1976",1972.25,13,"Jehl 1971, Skeel 1983",0.008028545941124,0.208454170764893
"Phalaropus_lobatus","Churchill, Manitoba",58.698,-93.942,"North temperate","before",NA,NA,"YES","NA",22.5,"137",1,3,0,0,1,4,0.5,39.375,"1964-1967",1965.5,4,"Jehl 1971",0.0253968253968254,0.43943498741921
"Pluvialis_dominica","Churchill, Manitoba",58.698,-93.942,"North temperate","before",NA,NA,"YES","NA",32.25,"137",0,3,1,4,5,8,0.5,64.5,"1964-1967",1965.5,4,"Jehl 1971",0,0
"Tringa_flavipes","Churchill, Manitoba",58.698,-93.942,"North temperate","before",NA,NA,"YES","NA",NA,"137",0,2,0,1,1,3,0.5,0,"1964-1967",1965.5,4,"Jehl 1971",NA,NA
"Tringa_solitaria","Churchill, Manitoba",58.698,-93.942,"North temperate","before",NA,NA,"YES","NA",NA,"137",1,0,0,0,1,1,0.5,0,"1964-1967",1965.5,4,"Jehl 1971",NA,NA
"Calidris_minutilla","Graham Island, British Columbia",54.017,-132.133,"North temperate","before",NA,NA,"YES","NA",24,"138",93,201,NA,50,143,344,0.6,3765.6,"1984-1988",1986,5,"Cooper & Miller 1997",0.0246972594008923,0.451285205272282
"Charadrius_semipalmatus","Graham Island, British Columbia",54.017,-132.133,"North temperate","before",NA,NA,"YES","NA",28,"138",12,26,NA,9,21,47,0.6,579.6,"1984-1988",1986,5,"Cooper & Miller 1997",0.020703933747412,0.443337097644485
"Charadrius_vociferus","Graham Island, British Columbia",54.017,-132.133,"North temperate","before",NA,NA,"YES","NA",28.55,"138",5,2,NA,1,6,8,0.6,77.085,"1984-1988",1986,5,"Cooper & Miller 1997",0.0648634624116235,0.852605257147748
"Charadrius_placidus","Tama River, Nagata district",35.741,139.317,"North temperate","after",NA,NA,"YES","Fail_is_depr",29,"139",17,19,NA,NA,17,36,0.6,478.5,"2001-2006",2003.5,4,"Katayama et al. 2010",0.0355276907001045,0.649729845260358
"Actitis_hypoleucos","Orlice",50.195,15.977,"North temperate","before",NA,NA,"YES","NA",25.5,"140",4,19,NA,10,14,33,0.5,325.125,"1977-1988",1982.5,12,"Dolanský & Ždárek 2001",0.0123029603998462,0.270700899697935
"Charadrius_dubius","Orlice",50.195,15.977,"North temperate","before",NA,NA,"YES","NA",28.5,"140",0,17,NA,23,23,40,0.5,377.625,"1976-1989",1982.5,14,"Dolanský & Ždárek 2001",0,0
"Charadrius_dubius","T?ebo?sko",49.0343,14.799,"North temperate","before",NA,NA,"YES","NA",28.5,"141",20,41,NA,20,40,81,0.5,869.25,"1999-2003",2001,5,"Cepáková et al. 2007, Cepáková et al. In litt.",0.0230083405234397,0.484902548315377
"Charadrius_wilsonia","Laguna Atascosa National Wildlife Refuge, Texas",26.267,-97.367,"North tropics","before",NA,NA,"YES","Fail_is_depr",27.5,"142",23,6,NA,NA,23,29,0.5,240.625,"1979-1979",1979,1,"Bergstrom 1982",0.0955844155844156,0.936886680190409
"Charadrius_wilsonia","Matagorda Island, Texas",28.164,-96.741,"North tropics","before",NA,NA,"YES","Fail_is_depr",27.5,"142",15,14,NA,NA,15,29,0.5,295.625,"1980-1980",1980,1,"Bergstrom 1982",0.0507399577167019,0.761167729528556
"Charadrius_wilsonia","St. Martin, Lesser Antilles",18.062,-63.046,"North tropics","after",NA,NA,"YES","NA",27.5,"143",10,13,NA,3,13,26,0.6,321.75,"2004-2004",2004,1,"Brown & Brindock 2011",0.0310800310800311,0.580320814106607
"Bartramia_longicauda","North Dacota + some data also from South Dacota, Manitoba and Montana",47.551,-101.002,"North temperate","before",NA,NA,"YES","Fail_is_depr",27,"144",204,413,NA,NA,204,617,0.5,6952.5,"1963-1991",1977,29,"Kantrud & Higgins 1992",0.0293419633225458,0.552504289723353
"Catoptrophorus_semipalmatus / Tringa semipalmata","North Dacota + some data also from South Dacota, Manitoba and Montana",47.551,-101.002,"North temperate","before",NA,NA,"YES","Fail_is_depr",27.5,"144",38,41,NA,NA,38,79,0.5,825,"1963-1991",1977,29,"Kantrud & Higgins 1992",0.0460606060606061,0.726585492473286
"Charadrius_melodus","North Dacota + some data also from South Dacota, Manitoba and Montana",47.551,-101.002,"North temperate","before",NA,NA,"YES","Fail_is_depr",31,"144",3,6,NA,NA,3,9,0.5,116.25,"1963-1991",1977,29,"kantrud & Higgins 1992",0.0258064516129032,0.555365944906459
"Charadrius_vociferus","North Dacota + some data also from South Dacota, Manitoba and Montana",47.551,-101.002,"North temperate","before",NA,NA,"YES","Fail_is_depr",28.55,"144",49,86,NA,NA,49,135,0.5,1577.3875,"1963-1991",1977,29,"Kantrud & Higgins 1992",0.0310640219983992,0.593814331052412
"Gallinago_delicata","North Dacota + some data also from South Dacota, Manitoba and Montana",47.551,-101.002,"North temperate","before",NA,NA,"YES","Fail_is_depr",23,"144",7,17,NA,NA,7,24,0.5,235.75,"1963-1991",1977,29,"Kantrud & Higgins 1992",0.0296924708377519,0.500061905503685
"Limosa_fedoa","North Dacota + some data also from South Dacota, Manitoba and Montana",47.551,-101.002,"North temperate","before",NA,NA,"YES","Fail_is_depr",28,"144",17,26,NA,NA,17,43,0.5,483,"1963-1991",1977,29,"Kantrud & Higgins 1992",0.0351966873706004,0.633321027019883
"Steganopus_tricolor (Phalaropus tricolor)","North Dacota + some data also from South Dacota, Manitoba and Montana",47.551,-101.002,"North temperate","before",NA,NA,"YES","Fail_is_depr",27,"144",56,80,NA,NA,56,136,0.5,1458,"1963-1991",1977,29,"Kantrud & Higgins 1992",0.0384087791495199,0.65266926087676
"Charadrius_melodus","Missouri 95 km, South Dakota/Nebraska",42.765,-97.062,"North temperate","after",NA,NA,"YES","NA",31,"145",83,309,NA,171,254,563,0.5,6424.75,"2005-2007",2006,3,"Catlin et al. 2011",0.0129187906144208,0.331749303400348
"Charadrius_melodus","Freshwarter lake and surrounding, Alberta",52.617,-109.983,"North temperate","before",0.9698,NA,"YES","Fail_is_depr",31,"146",35,33,NA,NA,35,68,0.6,939.3,"1996-1997",1996.5,2,"Richardson 1999",0.0372617906951986,0.691855469398628
"Charadrius_melodus","Chaplin Lake, Saskatchewan",50.433,-106.667,"North temperate","after",0.98,NA,"YES","NA",31,"147",39,134,0,7,46,180,0.6,2883,"2002-2004",2003,3,"White 2005",0.0135275754422477,0.344408310372874
"Charadrius_thoracicus","Marambitsy Bay",-15.966667,45.590556,"South tropics","after",NA,NA,"YES","NA",29,"148",9,0,NA,1,10,10,0.5,72.5,"2004-2005",2004.5,1,"Zefania et al. 2008",0.124137931034483,0.978589054653058
"Charadrius_thoracicus","Tsimanampetsotsa ",-24.145,43.829,"South tropics","after",NA,NA,"YES","NA",29,"148",22,20,2,30,54,74,0.9,1135.35,"2004-2005",2004.5,1,"Zefania et al. 2008",0.0193772845378077,0.433034639669277
"Charadrius_sanctaehelenae","St. Helena Island",-15.967,-5.717,"South tropics","after",0.95,NA,"YES","NA",28,"149",103,65,NA,5,108,173,0.5,1638,"2007-2010",2008.5,4,"Burns et al. 2013",0.0628815628815629,0.837727283340122
"Charadrius_alexandrinus","Miklapuzsta",46.667,19.167,"North temperate","before",NA,NA,"YES","Fail_is_depr",29,"150",52,16,NA,NA,52,68,0.5,609,"1991-1992",1991.5,2,"Székely et al. 1994",0.0853858784893268,0.92485515833784
"Charadrius_dubius","Castel Porziano, near Rome",41.687,12.375,"North temperate","before",NA,NA,"YES","NA",28.5,"151",3,NA,NA,NA,3,3,0.5,21.375,"1991-1994",1992.5,4,"Pietrelli et al. 2001",0.140350877192982,0.986567560469896
"Charadrius_alexandrinus","Castel Porziano, near Rome",41.687,12.375,"North temperate","before",NA,NA,"YES","NA",29,"151",28,NA,NA,NA,28,28,0.5,203,"1991-1994",1992.5,4,"Pietrelli et al. 2001",0.137931034482759,0.986488041197394
"Charadrius_alexandrinus","Al Wathba Wetland Reserve",24.258,54.604,"North tropics","after",NA,NA,"YES","NA",29,"152",128,69,NA,NA,128,197,0.5,1928.5,"2005-2006",2005.5,2,"Kozstolány et al. 2009",0.0663728286232823,0.863531947889157
"Charadrius_alexandrinus","Farasan Islands",16.681,42.114,"North tropics","after",NA,NA,"YES","NA",29,"153",158,32,NA,6,164,196,0.5,1631.25,"2007-2009",2008,3,"Al Rashidi et al. 2011",0.0968582375478927,0.947889909493993
"Charadrius_nivosus","Ceuta",23.9,-106.95,"North tropics","after",NA,NA,"YES","NA",29,"154, 513",141,429,24,137,302,731,0.5,9372.8,"2006-2016",2011.27272727273,11,"Carmona-Isunza et al.2015, Medardo Cruz López et al. In litt.",0.0150435302150905,0.355691174456606
"Charadrius_alexandrinus","Maio ",15.2,-23.168,"North tropics","after",NA,NA,"YES","NA",29,"154",NA,NA,NA,NA,NA,NA,0.5,0,"2013-2013",2013,1,"Carmona-Isunza et al.2015",NA,NA
"Charadrius_alexandrinus","Jabal lagoons",27.065,49.484,"North tropics","after",NA,NA,"YES","NA",29,"155",9,2,NA,1,10,12,0.5,101.5,"2015-2015",2015,1,"Al Rashidi 2016",0.0886699507389163,0.93229900926259
"Charadrius_nivosus","Great Salt Lake, Utah",41.083,-112.117,"North temperate","before",NA,NA,"YES","NA, Fail_is_depr",29,"156",219,170,0,24,243,413,0.6,5072.1,"1990-1993",1991.5,4,"Paton 1994",0.0431773821494056,0.721957264757216
"Charadrius_nivosus","Laguna Atascosa National Wildlife Refuge, Texas",26.267,-97.367,"North tropics","before",NA,NA,"YES","NA",29,"157",45,16,NA,6,51,67,0.6,722.1,"1995-1996",1995.5,2,"Rupert 1997",0.0623182384711259,0.845257861190559
"Charadrius_nivosus","Monterey Bay, California",36.727,-121.796,"North temperate","before",NA,NA,"YES","NA",29,"158",303,761,10,210,523,1284,0.5,14304.25,"1984-1999",1991.5,16,"Neuman 2003",0.0211825156858975,0.462535438009444
"Charadrius_nivosus"," California, Eden Landing Ecological Reserve",37.587,-122.118,"North temperate","after",0.9625,NA,"YES","NA",29,"159",123,98,NA,13,136,234,0.6,2844.9,"2009-2010",2009.5,2,"Demers & Robinson-Nilsen 2012",0.0432352631023938,0.722444620435712
"Charadrius_ruficapillus","Cheetham Wetlands, Victoria",-37.885,144.799,"South temperate","after",NA,NA,"YES","NA",28,"160",42,28,NA,NA,42,70,0.5,686,"2012-2013",2012.5,1,"Tan et al. 2015",0.0612244897959184,0.829498169356279
"Charadrius_peronii","Khao Sam Roi Yod National Park",12.197,99.993,"North tropics","after",NA,NA,"YES","NA",28,"161",40,49,NA,NA,40,89,0.5,966,"2004-2005",2004.5,2,"Yasué et al. 2007",0.041407867494824,0.693981214336672
"Charadrius_bicinctus","Ohau River, South Island",-44.333,170.194,"South temperate","before",NA,NA,"YES","NA",31,"162",11,NA,NA,NA,11,11,0.5,85.25,"1998-2000",1999,3,"Keedwell & Sanders 2002",0.129032258064516,0.986194117270489
"Thinornis_rubricollis","Mornington Peninsula NP, Victoria",-38.388,144.786,"South temperate","before",NA,NA,"YES","NA",30,"163",3,68,NA,59,62,130,0.5,1462.5,"1991-1997",1994,7,"Dowling & Weston 1999",0.00205128205128205,0.0597426497771085
"Thinornis_rubricollis","Phillip Island, southern Victoria",-38.48,145.224,"South temperate","before",NA,NA,"YES","NA",30,"164",21,13,NA,13,34,47,0.6,540,"1992-1996",1994,5,"Baird & Daan 2003",0.0388888888888889,0.6957658645987
"Thinornis_novaeseelandiae","Rangatira (South East) island",-44.347,-176.175,"South temperate","before",NA,NA,"YES","NA",31.9,"165",NA,NA,NA,NA,NA,NA,0.5,0,"1984-1985",1984.5,2,"Davis 1994",NA,NA
"Rostratula_benghalensis","I-Lan (in the city!!!)",24.717,121.717,"North tropics","after",NA,NA,"YES","NA",23,"166",2,12,0,3,5,17,0.6,200.1,"2005-2005",2005,1,"Hsu & Severinghaus 2011",0.00999500249875063,0.206293569792679
"Actophilornis_africanus","Deelkraal Dam, Transvaal",-24.672,28.66,"South tropics","before",NA,NA,"YES","Fail_is_depr",25.5,"167",73,26,NA,NA,73,99,0.5,796.875,"1974-1988",1981,4,"Tarboton 1994",0.0916078431372549,0.913707890956835
"Metopidius_indicus","Vembanur",9.183,77.383,"North tropics","before",NA,NA,"YES","NA",29,"168",17,1,0,0,17,18,0.9,247.95,"1995-1997",1996,3,"Butchart 2000",0.0685622101230087,0.87251421435009
"Jacana_jacana","Burma willage 65 km from Georgetown",6.464,-57.76,"North tropics","before",NA,NA,"YES","NA",32,"169",4,8,0,40,44,52,0.6,537.6,"1977-1977",1977,1,"Osborne 1982",0.00744047619047619,0.212573642893736
"Scolopax_rusticola","Central & S England",51.725193,-1.405592,"North temperate","before",0.96725,NA,"NO","1-DSR",26.3,"170",NA,NA,NA,NA,NA,NA,0.5,2866,"1945-1989",1970.75,45,"Hoodles & Coulson 1998",0.0327500000000001,0.58344838773953
"Scolopax_rusticola","England, Scotland, Wales",54.285,-2.691,"North temperate","before",0.966333333333333,NA,"NO","1-DSR",26.3,"170",NA,NA,NA,NA,NA,NA,0.5,3170,"1945-1989",1972,45,"Hoodles & Coulson 1998",0.0336666666666667,0.593707257498792
"Scolopax_rusticola","N England",53.706973,1.739997,"North temperate","before",0.963,NA,"NO","1-DSR",26.3,"170",NA,NA,NA,NA,NA,NA,0.5,937,"1945-1989",1972,45,"Hoodles & Coulson 1998",0.037,0.629002185393105
"Scolopax_rusticola","Scotland",56.623632,-4.263176,"North temperate","before",0.969,NA,"NO","1-DSR",26.3,"170",NA,NA,NA,NA,NA,NA,0.5,800,"1945-1989",1972,45,"Hoodles & Coulson 1998",0.031,0.563167103332155
"Scolopax_minor","Swatara State Park, Pennsylvania",40.525,-76.464,"North temperate","after",NA,NA,"YES","NA",24.25,"171",3,9,NA,1,4,13,0.5,133.375,"2009-2010",2009.5,2,"Miller & Jordan 2011",0.0224929709465792,0.424020126247596
"Coenocorypha_pusilla","Snares Islands Nature reserve",-48.03333,166.6,"South temperate","before",NA,NA,"YES","NA",NA,"172",0,8,0,1,1,9,0.9,0,"1983-1986",1984.5,4,"Miskelly 1990",NA,NA
"Coenocorypha_aucklandica","Snares Islands Nature reserve",-48.03333,166.6,"South temperate","before",NA,NA,"YES","NA",26,"172",0,32,0,8,8,40,0.9,760.5,"1982-1987",1984.5,6,"Miskelly 1990",0,0
"Gallinago_gallinago","whole country, centre",53.709,27.953,"North temperate","after",NA,NA,"YES","NA",23,"173",2,13,NA,4,6,19,0.6,220.8,"2000-2001",2000.5,2,"Mongin 2002",0.00905797101449275,0.188834039283984
"Gallinago_media","whole country, centre",53.709,27.953,"North temperate","after",NA,NA,"YES","NA",NA,"173",2,3,NA,4,6,9,0.6,0,"2000-2001",2000.5,2,"Mongin 2002",NA,NA
"Gallinago_gallinago","Kaliningrad",54.719,20.738,"North temperate","after",NA,NA,"YES","NA",23,"174",2,23,NA,7,9,32,0.5,316.25,"2000-2003",2001.5,4,"Yarovikova 2003",0.00632411067193676,0.135770075396533
"Limosa_limosa","Wormer & Jisperveld reserve, Noord-Holland",52.517,4.783,"North temperate","before",0.98,NA,"YES","NA",27,"175",136,236,NA,48,184,420,0.5,4104,"1984-1987",1985.5,4,"Groen & Hemerik 2002",0.0331384015594542,0.597434635098506
"Limosa_limosa","Selenga delta, Bajkal",52.293,106.501,"North temperate","after",0.873,NA,"NO","Fail_is_depr",27,"176",20,1,NA,NA,20,21,0.5,110,"2002-2002",2002,1,"Groen et al. 2006",0.181818181818182,0.995564472710389
"Limosa_lapponica","Kautokeino",69,24,"Arctic","before",NA,NA,"YES","NA",24.75,"177",3,11,NA,1,4,15,0.6,185.625,"1987-1990",1988.5,4,"Larsen & Moldsvor 1992",0.0161616161616162,0.33186670188819
"Numenius_phaeopus","Kautokeino",69,24,"Arctic","before",NA,NA,"YES","NA",29,"177",13,7,NA,NA,13,20,0.6,234.9,"1987-1990",1988.5,4,"Larsen & Moldsvor 1992",0.0553426990208599,0.808153324304654
"Numenius_phaeopus","Värriö Subarctic Research Station",67.733,29.617,"Arctic","before",0.985,NA,"YES","NA",29,"179",5,24,0,0,5,29,0.5,384.25,"1968-1990",1979,23,"Pulliainen & Saari 1993",0.0130123617436565,0.316025854815484
"Numenius_phaeopus","South-west Iceland",63.764,-20.068,"Arctic","after",0.945,NA,"YES","NA",29,"180, 509",35,22,NA,2,37,59,0.5,572.75,"2009-2010",2009.5,2,"Katrínardóttir et al. 2015, Katrínardóttir in litt.",0.0611086861632475,0.839363469771816
"Numenius_arquata","Västmanland (central Sweeden)",59.817,16.55,"North temperate","before",0.964,NA,"NO","NA",33.8,"181",42,34,NA,31,73,107,0.5,1683,"1987-1989",1988,3,"Berg 1992",0.0249554367201426,0.574375205460123
"Numenius_arquata","Antrim, Northern Ireland",54.821,-6.058,"North temperate","before",0.902833333333333,0.0971666666666667,"NO","NA",33.8,"182",114,67,NA,10,124,191,0.5,1628.5,"1993-1995",1994,3,"Grant et al. 1999",0.0700030703101013,0.913964992845248
"Numenius_arquata","Lough Erne,  Northern Ireland",54.303,-7.616,"North temperate","before",0.87925,0.12075,"NO","NA",33.8,"182",84,74,NA,10,94,168,0.5,1735.5,"1994-1995",1994.5,2,"Grant et al. 1999",0.0484010371650821,0.813042088176016
"Numenius_arquata","Kauhava",63.083,22.933,"Arctic","before",NA,0.004,"NO","NA",33.8,"183",3,63,NA,NA,3,66,0.5,1232,"1995-1997",1996,3,"Valkama et al. 1999",0.00243506493506494,0.0791016030758416
"Numenius_arquata","Vammala",61.367,22.833,"Arctic","before",NA,0.0526666666666667,"NO","NA",33.8,"183",34,19,NA,NA,34,53,0.5,659,"1995-1997",1996,3,"Valkama et al. 1999",0.0515933232169954,0.833114896291778
"Numenius_madagascariensis","Bureya–Khingan lowland, Amur",49.397,129.908,"North temperate","before",NA,NA,"YES","Fail_is_depr",33.8,"184",6,16,NA,1,7,23,0.5,329.55,"1997-2007",2002,11,"Antonov 2010, A. I. Antonov in litt.",0.0182066454255803,0.462623116218237
"Numenius_americanus","Middleton, Idaho",43.868,-116.733,"North temperate","before",0.971633333333333,NA,"NO","NA",33,"185",42,70,0,7,49,119,0.5,1746,"1977-1979",1978,3,"Redmond & Jenni 1986",0.0240549828178694,0.552248978814577
"Xenus_cinereus","Yakutia, Lena River",61.713,132.077,"Arctic","before",NA,NA,"YES","NA",27,"186",1,11,NA,1,2,13,0.5,162,"1982-1982",1982,1,"Larionov 2015",0.00617283950617284,0.153955395435165
"Tringa_glareola","Yakutia, Lena River",61.713,132.077,"Arctic","before",NA,NA,"YES","NA",26.5,"186",1,13,NA,3,4,17,0.5,198.75,"1978-1982",1980,5,"Larionov 2015",0.0050314465408805,0.125121178996558
"Tringa_stagnatilis","Yakutia, Lena River",61.713,132.077,"Arctic","before",NA,NA,"YES","NA",26,"186",2,27,NA,4,6,33,0.5,390,"1978-1982",1980,5,"Larionov 2015",0.00512820512820513,0.125126860890786
"Tringa_nebularia","north Sutherland, Scotland",58.533,-4.232,"North temperate","before",NA,NA,"YES","NA",28.3,"187, 508",18,45,NA,8,26,71,0.5,918.335,"1983-2007",1993.25,25,"Christian & Hancock 2009, Hancock in litt.",0.0196006903798723,0.428909667744053
"Tringa_glareola","Värriö Subarctic Research Station",67.733,29.617,"Arctic","before",NA,NA,"NO","NA",26.5,"188",3,15,NA,8,11,26,0.5,151,"1970-1987",1978.5,18,"Pulliainen & Saari 1991",0.0198675496688742,0.412447938074416
"Actitis_hypoleucos","Sedbergh, England",54.505,-3.051,"North temperate","before",NA,NA,"YES","NA",25.5,"189",2,24,0,1,3,27,0.5,325.125,"1937-1951",1944,6,"Cuthbertson et al. 1952",0.00615148019992311,0.145592644549729
"Actitis_hypoleucos","Alport and Ashop river",53.403,-1.789,"North temperate","before",NA,NA,"YES","Fail_is_depr",25.5,"190",20,62,NA,NA,20,82,0.5,918,"1967-1980",1973.5,6,"Holland et al. 1982",0.0217864923747277,0.429759295739861
"Actitis_macularius","Milwaukee, Wisconsin",42.995,-87.882,"North temperate","before",NA,NA,"YES","Fail_is_depr",24.5,"191",2,19,NA,1,3,22,0.9,452.025,"1943-1944",1943.5,1,"Cialdini & Orians 1944",0.00442453404125878,0.102948141996057
"Actitis_macularius","Belle isle, Detroit river, Michigan",42.34,-82.979,"North temperate","before",NA,NA,"YES","NA",24.5,"192",1,29,0,9,10,39,0.9,749.7,"1947-1947",1947,1,"Miller & Miller 1948",0.00133386688008537,0.0321726385042224
"Actitis_macularius","Great Gull Island, New York",41.203,-72.119,"North temperate","before",NA,NA,"YES","NA",24.5,"193",1,24,NA,NA,1,25,0.5,300.125,"1970-1971",1970.5,2,"Hays 1972",0.00333194502290712,0.0785151602028179
"Actitis_macularius","near La Salle lagoon, Minnesota",47.336,-95.193,"North temperate","before",NA,NA,"YES","NA",24.5,"194",7,7,NA,5,12,19,0.9,264.6,"1970-1972",1971,3,"Oring & Knudson 1972",0.0264550264550265,0.481531397453831
"Actitis_macularius","Little Pelican Island, Minesotta",47.112,-94.372,"North temperate","before",NA,NA,"YES","NA",24.5,"195",82,157,NA,NA,82,239,0.9,4365.9,"1975-1990",1982.5,16,"Alberico et al. 1991",0.0187819235438283,0.371571692759533
"Arenaria_interpres","Southampot Island, East Bay migratory bird sanctuary",64.017,-81.783,"Arctic","after",0.97,NA,"NO","NA",25.9,"196, 132",55,68,0,7,62,130,0.5,1363,"2000-2014",2006.75,8,"Arctic Shorebird Demographics Network 2016, Perkins et al. 2007",0.0403521643433602,0.65588951701188
"Calidris_tenuirostris","Anadyr surrounding",64.844,178.314,"Arctic","before",NA,NA,"YES","NA",25.95,"197",4,13,NA,1,5,18,0.6,233.55,"1993-1995",1994,3,"Tomkovich 2001",0.0171269535431385,0.361283418077492
"Calidris_alba","Bathurst Island",75.728,-99.094,"Arctic","before",NA,NA,"YES","NA",30.5,"198",3,6,NA,NA,3,9,0.5,114.375,"1968-1969",1968.5,2,"Parmelee 1970",0.0262295081967213,0.555443869003623
"Calidris_pusilla","La Perouse Bay, Manitoba",58.735744,-93.302804,"North temperate","before",NA,NA,"YES","Fail_is_depr",23.5,"200",111,102,NA,NA,111,213,0.5,1850.625,"1980-1982",1981,3,"Gratto and Cooke 1983",0.0599797365754813,0.766264561332007
"Calidris_mauri","Kolomak river, Alaska",61.725,-165.523,"Arctic","before",NA,NA,"YES","Fail_is_depr",25,"202",35,180,NA,NA,35,215,0.5,2468.75,"1966-1969",1967.5,3,"Holmes 1972",0.0141772151898734,0.300204268785886
"Calidris_ruficollis","Uelen, Chukotka",66.0996666666667,-170.101666666667,"Arctic","before",NA,NA,"YES","Fail_is_depr",25.5,"203",23,28,NA,NA,23,51,0.9,906.525,"1978-1980",1979,3,"Morozov & Tomkovich 1988",0.0253716113731006,0.480726740551415
"Calidris_temminckii","Botnic Bay around Oulu",65.021,24.72,"Arctic","before",0.948,NA,"YES","NA",24.8,"204",179,144,NA,45,224,368,0.5,3031.8,"1983-2001",1992,19,"Rönkä et al. 2003",0.0590408338280889,0.778917037845428
"Calidris_temminckii","Botnic Bay around Oulu",65.021,24.72,"Arctic","after",NA,NA,"YES","NA",24.8,"205",51,102,NA,NA,51,153,0.9,2845.8,"2003-2006",2004.5,4,"Thompson et al. 2014",0.017921146953405,0.36139881989438
"Calidris_bairdii","Qarlikturvik Valley, Sirmilik National Park",72.883,-78.917,"Arctic","after",NA,NA,"YES","Fail_is_depr",24.3,"206",25,10,NA,NA,25,35,0.5,273.375,"2006-2008",2007,2,"McKinnon & Bêty 2009",0.0914494741655235,0.902751537700246
"Calidris_fuscicollis","Qarlikturvik Valley, Sirmilik National Park",72.883,-78.917,"Arctic","after",NA,NA,"YES","Fail_is_depr",26,"206",14,4,NA,NA,14,18,0.5,143,"2006-2008",2007,2,"McKinnon & Bêty 2009",0.0979020979020979,0.931357120460829
"Calidris_bairdii","Sarcpa Lake, Melville Peninsula",68.55,-83.317,"Arctic","before",NA,NA,"YES","NA",24.3,"207",NA,NA,NA,NA,NA,NA,0.5,0,"1982-1982",1982,1,"Reid & Montgomerie 1985",NA,NA
"Calidris_alpina","Lower Khatanga River",72.906,106.104,"Arctic","before",NA,NA,"YES","Fail_is_depr",25,"208",80,49,NA,NA,80,129,0.6,1335,"1994-2009",2001.5,6,"Soloviev et al. 2010",0.0599250936329588,0.786665299284175
"Calidris_melanotos","Lower Khatanga River",72.906,106.104,"Arctic","before",NA,NA,"YES","Fail_is_depr",26,"208",153,95,NA,NA,153,248,0.6,2675.4,"1994-2009",2001.5,6,"Soloviev et al. 2010",0.0571877102489347,0.783700203835267
"Calidris_minuta","Lower Khatanga River",72.906,106.104,"Arctic","before",NA,NA,"YES","Fail_is_depr",24.5,"208",33,16,NA,NA,33,49,0.6,477.75,"1994-2009",2001.5,6,"Soloviev et al. 2010",0.0690737833594976,0.826849442099416
"Phalaropus_fulicarius","Lower Khatanga River",72.906,106.104,"Arctic","before",NA,NA,"YES","Fail_is_depr",22.8,"208",72,63,NA,NA,72,135,0.6,1354.32,"1994-2009",2001.5,6,"Soloviev et al. 2010",0.0531632110579479,0.712211904465618
"Philomachus_pugnax","Lower Khatanga River",72.906,106.104,"Arctic","before",NA,NA,"YES","Fail_is_depr",25.5,"208",52,27,NA,NA,52,79,0.6,810.9,"1994-2009",2001.5,6,"Soloviev et al. 2010",0.0641262794425946,0.815481491098973
"Calidris_alpina","Lower Khatanga River",72.906,106.104,"Arctic","after",NA,NA,"YES, NO","Fail_is_depr, NA",25,"208, 132",72,108,NA,0,72,180,0.6,2104.5,"1994-2014",2003.41666666667,12,"Arctic Shorebird Demographics Network 2016, Soloviev et al. 2010",0.0342124019957235,0.581167277764951
"Calidris_melanotos","Lower Khatanga River",72.906,106.104,"Arctic","after",NA,NA,"YES, NO","Fail_is_depr, NA",26,"208, 132",176,188,NA,0,176,364,0.6,4058.9,"1994-2014",2003.41666666667,12,"Arctic Shorebird Demographics Network 2016, Soloviev et al. 2010",0.0433615018847471,0.68417666842502
"Calidris_minuta","Lower Khatanga River",72.906,106.104,"Arctic","after",NA,NA,"YES, NO","Fail_is_depr, NA",24.5,"208, 132",77,151,NA,0,77,228,0.6,2709.95,"1994-2014",2003.41666666667,12,"Arctic Shorebird Demographics Network 2016, Soloviev et al. 2010",0.0284138083728482,0.506493723445207
"Phalaropus_fulicarius","Lower Khatanga River",72.906,106.104,"Arctic","after",NA,NA,"YES, NO","Fail_is_depr, NA",22.8,"208, 132",114,202,NA,1,115,317,0.6,3395.64,"1994-2014",2003.41666666667,12,"Arctic Shorebird Demographics Network 2016, Soloviev et al. 2010",0.0335724635120331,0.540950049311221
"Philomachus_pugnax","Lower Khatanga River",72.906,106.104,"Arctic","after",NA,NA,"YES, NO","Fail_is_depr, NA",25.5,"208, 132",87,89,NA,0,87,176,0.6,1952.3,"1994-2014",2003.41666666667,12,"Arctic Shorebird Demographics Network 2016, Soloviev et al. 2010",0.0445628233365774,0.687280857407538
"Calidris_ferruginea","Pronchishchev Lake, Taimyr",75.267,112.467,"Arctic","before",NA,NA,"NO","NA",24.7,"209",0,25,0,0,0,25,0.5,235,"1991-1991",1991,1,"Schekkerman et al. 1998",0,0
"Calidris_maritima","Longyearbyen, Svalbard",78.217,15.583,"Arctic","before",NA,NA,"YES","NA",25.75,"210",11,23,NA,NA,11,34,0.9,660.4875,"1995-1995",1995,1,"Pierce et al. 2010",0.0166543651469558,0.351089947351888
"Calidris_alpina","SW Skane (Soutwest Sweeden)",55.47,12.97,"North temperate","before",NA,NA,"YES","NA",25,"211",122,60,NA,21,143,203,0.6,1935,"1981-1986",1983.5,6,"Jönsson 1991",0.0630490956072351,0.803699742851947
"Steganopus_tricolor (Phalaropus tricolor)","Audubon National Wildlife Refuge, North Dacota ",47.606,-101.185,"North temperate","before",NA,NA,"YES","NA",27,"212",18,1,NA,4,22,23,0.6,162,"1975-1975",1975,1,"Kagarise 1979",0.111111111111111,0.958420248072612
"Phalaropus_lobatus","Mackenzie River Delta (Niglintgak, Island)",69.045,-135.048,"Arctic","after",0.9295,NA,"YES, NO","NA",22.5,"213, 132",84,48,0,30,114,162,0.5,1177.125,"2005-2014",2009.83333333333,6,"Arctic Shorebird Demographics Network 2016, Walpole et al. 2008",0.0713603058298821,0.810955965878732
"Cursorius_cursor","Maio ",15.2,-23.168,"North tropics","after",NA,NA,"YES","NA",22.5,"214, 528",5,11,NA,5,10,21,0.5,178.875,"2013-2015",2014,2,"Gonçalves 2014, Gonçalves in litt., Seymour et al. 2015",0.0279524807826695,0.471592874693923
"Glareola_pratincola","Rabat-Bouznika",33.866,-7.063,"North temperate","after",NA,NA,"YES","Fail_is_depr",21,"216",92,83,NA,NA,92,175,0.5,1354.5,"2003-2004",2003.5,2,"Hanane et al. 2010",0.067921742340347,0.771703146509813
"Glareola_nuchalis","M'Passa, near Makokou",0.499,12.812,"North tropics","before",NA,NA,"YES","NA",21,"217",17,12,NA,7,24,36,0.5,252,"1970-1978",1974,9,"Brosset 1979",0.0674603174603175,0.769317977037709
"Glareola_nuchalis","Mpala Jena island",-17.836,25.709,"South tropics","before",NA,NA,"YES","NA",21,"218",NA,NA,NA,NA,NA,NA,0.5,0,"1986-1987",1986.5,2,"Williams et al. 1989",NA,NA
"Arenaria_interpres","Zackenberg",74.478,-20.555,"Arctic","before",NA,NA,"NO, YES","NA",25.9,"500",15,17,0,1,16,33,0.5,338.5,"1996-2015",2003.25,4,"BioBasis Monitoring Programme, Zackenberg, Hansen in litt.",0.0443131462333826,0.690846369901374
"Calidris_alba","Zackenberg",74.478,-20.555,"Arctic","before",NA,NA,"NO","NA",30.5,"500",7,27,0,1,8,35,0.5,387.3,"1996-2015",2005.5,4,"Hansen in litt.",0.0180738445649367,0.426670528366286
"Calidris_alpina","Zackenberg",74.478,-20.555,"Arctic","before",NA,NA,"NO, YES","NA",25,"500",6,18,0,1,7,25,0.5,332.1,"1996-2015",2003.25,4,"BioBasis Monitoring Programme, Zackenberg, Hansen in litt.",0.01806684733514,0.366060109949539
"Charadrius_hiaticula","Zackenberg",74.478,-20.555,"Arctic","before",NA,NA,"NO","NA",28,"500",2,6,0,0,2,8,0.5,101,"1996-2015",2005.5,3,"Hansen in litt.",0.0198019801980198,0.428801599260648
"Calidris_canutus","Zackenberg",74.478,-20.555,"Arctic","before",NA,NA,"NO, YES","NA",26,"500",2,1,0,1,3,4,0.5,34.9,"1996-2015",2002.83333333333,4,"BioBasis Monitoring Programme, Zackenberg, Hansen in litt.",0.0573065902578797,0.784408196399116
"Phalaropus_lobatus","Zackenberg",74.478,-20.555,"Arctic","before",NA,NA,"NO, YES","NA",22.5,"500",1,0,0,0,1,1,0.5,5,"1996-2009",2001.6,4,"BioBasis Monitoring Programme, Zackenberg, Hansen in litt.",0.2,0.993400292206023
"Arenaria_interpres","Zackenberg",74.478,-20.555,"Arctic","after",NA,NA,"NO, YES","NA",25.9,"500, 4",67,80,0,3,70,150,0.5,1238,"1996-2018",2007,19,"BioBasis Monitoring Programme, Zackenberg, Hansen in litt.",0.0541195476575121,0.763321458105038
"Calidris_alba","Zackenberg",74.478,-20.555,"Arctic","after",NA,NA,"NO","NA",30.5,"500",25,33,0,0,25,58,0.5,642.7,"1996-2015",2005.5,7,"Hansen in litt.",0.0388983973860277,0.701830172868538
"Calidris_alpina","Zackenberg",74.478,-20.555,"Arctic","after",NA,NA,"NO, YES","NA",25,"500, 4",63,116,0,5,68,184,0.5,2037.3,"1996-2018",2007,19,"BioBasis Monitoring Programme, Zackenberg, Hansen in litt.",0.0309232808128405,0.544011375678275
"Charadrius_hiaticula","Zackenberg",74.478,-20.555,"Arctic","after",NA,NA,"NO","NA",28,"500",19,19,0,1,20,39,0.5,458.9,"1996-2015",2005.5,12,"Hansen in litt.",0.0414033558509479,0.693940883738385
"Calidris_canutus","Zackenberg",74.478,-20.555,"Arctic","after",NA,NA,"NO, YES","NA",26,"500, 4",15,7,0,0,15,22,0.5,183.3,"1996-2018",2007.61666666667,19,"BioBasis Monitoring Programme, Zackenberg, Hansen in litt.",0.0818330605564648,0.891366711539246
"Phalaropus_lobatus","Zackenberg",74.478,-20.555,"Arctic","after",NA,NA,"NO, YES","NA",22.5,"500, 4",2,0,0,0,2,2,0.5,9,"1996-2018",2007.85714285714,19,"BioBasis Monitoring Programme, Zackenberg, Hansen in litt.",0.222222222222222,0.996498537835085
"Phalaropus_fulicarius","Zackenberg",74.478,-20.555,"Arctic","after",NA,NA,"NO, YES","NA",22.8,"500, 4",1,0,0,0,1,1,0.5,20,"1996-2018",2008.15,19,"BioBasis Monitoring Programme, Zackenberg, Hansen in litt.",0.05,0.689473834437342
"Calidris_temminckii","Belyaka Spit, Chukotka",67.025,-174.142,"Arctic","before",NA,NA,"NO","NA",24.8,"501",11,5,NA,1,12,17,0.5,162,"1986-1988",1987,3,"Tomkovich in litt.",0.0679012345679012,0.825153907028599
"Calidris_melanotos","Yakutia, Lena River",61.713,132.077,"Arctic","before",NA,NA,"NO","NA",26,"501",2,15,NA,NA,2,17,0.5,254,"1973-1973",1973,1,"Tomkovich in litt.",0.0078740157480315,0.185788132355517
"Calidris_canutus","Knipovich Bay, Taimyr",76.083,98.533,"Arctic","before",NA,NA,"NO","NA",26,"501",6,11,NA,1,7,18,0.5,198.5,"1990-1992",1991,3,"Tomkovich in litt.",0.0302267002518892,0.549778955303095
"Charadrius_mongolus","Meïnypilgyno, Chukotka",62.543,177.076,"Arctic","after",NA,NA,"NO","NA",26.5,"501",20,37,NA,5,25,62,0.5,872.5,"2009-2016",2012.5,8,"Tomkovich in litt.",0.0229226361031519,0.459099691820173
"Pluvialis_fulva","Meïnypilgyno, Chukotka",62.543,177.076,"Arctic","after",NA,NA,"NO","NA",33.25,"501",19,35,NA,1,20,55,0.5,731.5,"2009-2016",2012.5,8,"Tomkovich in litt.",0.025974025974026,0.583159031969158
"Calidris_ptilocnemis","Uelen, Chukotka",66.0996666666667,-170.101666666667,"Arctic","before",NA,NA,"NO","NA",24,"501",10,21,1,6,17,38,0.5,564,"1978-1980",1979,3,"Tomkovich in litt.",0.0177304964539007,0.349067646611631
"Charadrius_falklandicus","Puerto Madryn, Patagonia",-42.729,-65.036,"South temperate","after",0.961,NA,"NO","NA",28.5,"506",7,29,NA,25,32,61,0.6,928.5,"2012-2015",2013.5,2,"Glenda D. Hevia and Verónica L. D’Amico in litt.",0.00753904146472806,0.194004165789469
"Tringa_nebularia","north Sutherland, Scotland",58.533,-4.232,"North temperate","after",NA,NA,"YES","NA",28.3,"508",8,15,NA,1,9,24,0.5,275.925,"2001-2007",2004,7,"Hancock in litt.",0.0289933858838452,0.565101484753136
"Vanellus_vanellus","Ceskobudejovicko, South Bohemia",49.115,14.268,"North temperate","before",NA,NA,"NO","NA",31,"113",151,164,NA,95,246,410,0.6,7111,"1988-1998",1993,8,"Šálek in litt.",0.0212347067922936,0.485914457978005
"Phalaropus_lobatus","Ugolnie Kopi, Anadyr",64.79,177.637,"Arctic","after",NA,NA,"NO","NA",22.5,"519",6,12,0,0,6,18,0.9,272,"2015-2015",2015,1,"Sladecek et al in litt",0.0220588235294118,0.394608270722876
"Calidris_acuminata","Lower Khatanga River",72.906,106.104,"Arctic","after",NA,NA,"YES, NO","NA",26,"520, 132",10,9,0,0,10,19,0.5,166,"2000-2014",2008.125,8,"Arctic Shorebird Demographics Network 2016, Soloviev in litt.",0.0602409638554217,0.801194100328134
"Limicola_falcinellus","Lower Khatanga River",72.906,106.104,"Arctic","after",NA,NA,"YES, NO","NA",25.3,"520, 132",11,9,0,2,13,22,0.5,170.825,"2003-2014",2009.25,5,"Arctic Shorebird Demographics Network 2016, Soloviev in litt.",0.0643933850431728,0.814364907875481
"Calidris_mauri","21 km east of Nome, Alaska",64.449,-164.977,"Arctic","before",NA,NA,"NO","NA",25,"132",60,145,NA,14,74,219,0.6,3184.5,"1993-2014",2003.5,6,"Arctic Shorebird Demographics Network 2016",0.0188412623645784,0.378441665152968
"Calidris_pusilla","21 km east of Nome, Alaska",64.449,-164.977,"Arctic","before",NA,NA,"NO","NA",23.5,"132",84,100,NA,3,87,187,0.6,2273.5,"1993-2014",2003.5,6,"Arctic Shorebird Demographics Network 2016",0.0369474378711238,0.587166636254908
"Phalaropus_lobatus","21 km east of Nome, Alaska",64.449,-164.977,"Arctic","before",NA,NA,"NO","NA",22.5,"132",21,23,NA,2,23,46,0.6,476,"1993-2014",2003.5,3,"Arctic Shorebird Demographics Network 2016",0.0441176470588235,0.63767359197949
"Calidris_mauri","21 km east of Nome, Alaska",64.449,-164.977,"Arctic","after",NA,NA,"NO","NA",25,"132",123,144,NA,21,144,288,0.6,3767,"1993-2014",2003.5,6,"Arctic Shorebird Demographics Network 2016",0.0326519777010884,0.563917456154216
"Calidris_pusilla","21 km east of Nome, Alaska",64.449,-164.977,"Arctic","after",NA,NA,"NO","NA",23.5,"132",95,110,NA,8,103,213,0.6,2396.5,"1993-2014",2003.5,5,"Arctic Shorebird Demographics Network 2016",0.0396411433340288,0.613465441332186
"Phalaropus_lobatus","21 km east of Nome, Alaska",64.449,-164.977,"Arctic","after",NA,NA,"NO","NA",22.5,"132",84,58,NA,7,91,149,0.6,1379.5,"1993-2014",2003.5,5,"Arctic Shorebird Demographics Network 2016",0.0608916274012323,0.756721610904432
"Calidris_melanotos","21 km east of Nome, Alaska",64.449,-164.977,"Arctic","after",NA,NA,"NO","NA",26,"132",1,0,NA,0,1,1,0.6,2.5,"1993-2014",2003.5,1,"Arctic Shorebird Demographics Network 2016",0.4,0.999998294182718
"Calidris_alpina","21 km east of Nome, Alaska",64.449,-164.977,"Arctic","after",NA,NA,"NO","NA",25,"132",1,2,NA,0,1,3,0.6,49,"1993-2014",2003.5,1,"Arctic Shorebird Demographics Network 2016",0.0204081632653061,0.40278743881177
"Limnodromus_scolopaceus","21 km east of Nome, Alaska",64.449,-164.977,"Arctic","after",NA,NA,"NO","NA",24.25,"132",0,1,NA,0,0,1,0.6,8,"1993-2014",2003.5,1,"Arctic Shorebird Demographics Network 2016",0,0
"Calidris_minutilla","21 km east of Nome, Alaska",64.449,-164.977,"Arctic","after",NA,NA,"NO","NA",24,"132",1,0,NA,0,1,1,0.6,2,"1993-2014",2003.5,1,"Arctic Shorebird Demographics Network 2016",0.5,0.999999940395355
"Calidris_alpina","Barrow, Alaska",71.3,-156.6,"Arctic","after",NA,NA,"NO","NA",25,"132",176,394,NA,24,200,594,0.6,7833.5,"2003-2014",2008.5,12,"Arctic Shorebird Demographics Network 2016",0.02246760707219,0.433396904417526
"Calidris_melanotos","Barrow, Alaska",71.3,-156.6,"Arctic","after",NA,NA,"NO","NA",26,"132",123,500,NA,22,145,645,0.6,9413.5,"2003-2014",2008.5,12,"Arctic Shorebird Demographics Network 2016",0.0130663408933978,0.289626129087622
"Calidris_pusilla","Barrow, Alaska",71.3,-156.6,"Arctic","after",NA,NA,"NO","NA",23.5,"132",89,304,NA,17,106,410,0.6,5200,"2003-2014",2008.5,12,"Arctic Shorebird Demographics Network 2016",0.0171153846153846,0.333485461454106
"Limnodromus_scolopaceus","Barrow, Alaska",71.3,-156.6,"Arctic","after",NA,NA,"NO","NA",24.25,"132",78,92,NA,21,99,191,0.6,2418,"2003-2014",2008.5,12,"Arctic Shorebird Demographics Network 2016",0.032258064516129,0.548487943584624
"Phalaropus_fulicarius","Barrow, Alaska",71.3,-156.6,"Arctic","after",NA,NA,"NO","NA",22.8,"132",209,753,NA,88,297,1050,0.6,12343.5,"2003-2014",2008.5,12,"Arctic Shorebird Demographics Network 2016",0.0169319884959695,0.322506280622984
"Phalaropus_lobatus","Barrow, Alaska",71.3,-156.6,"Arctic","after",NA,NA,"NO","NA",22.5,"132",14,84,NA,2,16,100,0.6,1316.5,"2003-2014",2008.5,12,"Arctic Shorebird Demographics Network 2016",0.0106342575009495,0.213806331600487
"Pluvialis_dominica","Barrow, Alaska",71.3,-156.6,"Arctic","after",NA,NA,"NO","NA",32.25,"132",52,71,NA,17,69,140,0.6,2493,"2003-2014",2008.5,12,"Arctic Shorebird Demographics Network 2016",0.0208584035298837,0.493280748561687
"Calidris_fuscicollis","Barrow, Alaska",71.3,-156.6,"Arctic","after",NA,NA,"NO","NA",26,"132",7,2,NA,1,8,10,0.6,81.5,"2003-2014",2008.5,6,"Arctic Shorebird Demographics Network 2016",0.0858895705521472,0.903179958553604
"Calidris_bairdii","Barrow, Alaska",71.3,-156.6,"Arctic","after",NA,NA,"NO","NA",24.3,"132",0,8,NA,0,0,8,0.6,148,"2003-2014",2008.5,5,"Arctic Shorebird Demographics Network 2016",0,0
"Calidris_mauri","Barrow, Alaska",71.3,-156.6,"Arctic","after",NA,NA,"NO","NA",25,"132",26,60,NA,17,43,103,0.6,1507.5,"2003-2014",2008.5,8,"Arctic Shorebird Demographics Network 2016",0.0172470978441128,0.352695874266467
"Tryngites_subruficollis","Barrow, Alaska",71.3,-156.6,"Arctic","after",NA,NA,"NO","NA",27,"132",6,16,NA,0,6,22,0.6,289,"2003-2014",2008.5,2,"Arctic Shorebird Demographics Network 2016",0.0207612456747405,0.432465842873253
"Arenaria_interpres","Barrow, Alaska",71.3,-156.6,"Arctic","after",NA,NA,"NO","NA",25.9,"132",0,3,NA,0,0,3,0.6,53,"2003-2014",2008.5,3,"Arctic Shorebird Demographics Network 2016",0,0
"Arenaria_interpres","Bay of Chaun and Koljuchinskaja",68.61,171.241,"Arctic","after",NA,NA,"NO","NA",25.9,"132",0,1,NA,0,0,1,0.6,2,"2012-2014",2013,1,"Arctic Shorebird Demographics Network 2016",0,0
"Calidris_alpina","Bay of Chaun and Koljuchinskaja",68.61,171.241,"Arctic","after",NA,NA,"NO","NA",25,"132",27,16,NA,2,29,45,0.6,388,"2012-2014",2013,3,"Arctic Shorebird Demographics Network 2016",0.0695876288659794,0.835226674141162
"Calidris_melanotos","Bay of Chaun and Koljuchinskaja",68.61,171.241,"Arctic","after",NA,NA,"NO","NA",26,"132",9,5,NA,0,9,14,0.6,121.5,"2012-2014",2013,3,"Arctic Shorebird Demographics Network 2016",0.0740740740740741,0.864798236191747
"Philomachus_pugnax","Bay of Chaun and Koljuchinskaja",68.61,171.241,"Arctic","after",NA,NA,"NO","NA",25.5,"132",0,6,NA,0,0,6,0.6,42.5,"2012-2014",2013,2,"Arctic Shorebird Demographics Network 2016",0,0
"Calidris_temminckii","Bay of Chaun and Koljuchinskaja",68.61,171.241,"Arctic","after",NA,NA,"NO","NA",24.8,"132",3,3,NA,0,3,6,0.6,51,"2012-2014",2013,3,"Arctic Shorebird Demographics Network 2016",0.0588235294117647,0.777647344907723
"Phalaropus_lobatus","Bay of Chaun and Koljuchinskaja",68.61,171.241,"Arctic","after",NA,NA,"NO","NA",22.5,"132",8,8,NA,0,8,16,0.6,133,"2012-2014",2013,2,"Arctic Shorebird Demographics Network 2016",0.0601503759398496,0.752364233457917
"Pluvialis_fulva","Bay of Chaun and Koljuchinskaja",68.61,171.241,"Arctic","after",NA,NA,"NO","NA",33.25,"132",1,0,NA,0,1,1,0.6,4,"2012-2014",2013,1,"Arctic Shorebird Demographics Network 2016",0.25,0.999929888863387
"Phalaropus_fulicarius","Bay of Chaun and Koljuchinskaja",68.61,171.241,"Arctic","after",NA,NA,"NO","NA",22.8,"132",2,0,NA,0,2,2,0.6,5.5,"2012-2014",2013,1,"Arctic Shorebird Demographics Network 2016",0.363636363636364,0.999966543377915
"Calidris_alpina","Burntpoint Creek, Ontario",55.2,-84.3,"North temperate","after",NA,NA,"NO","NA",25,"132",6,9,NA,2,8,17,0.6,108.5,"2012-2014",2013,3,"Arctic Shorebird Demographics Network 2016",0.0552995391705069,0.758813397304343
"Calidris_minutilla","Burntpoint Creek, Ontario",55.2,-84.3,"North temperate","after",NA,NA,"NO","NA",24,"132",3,7,NA,0,3,10,0.6,114.5,"2012-2014",2013,3,"Arctic Shorebird Demographics Network 2016",0.0262008733624454,0.471232033635464
"Charadrius_vociferus","Burntpoint Creek, Ontario",55.2,-84.3,"North temperate","after",NA,NA,"NO","NA",28.55,"132",2,0,NA,0,2,2,0.6,13,"2012-2014",2013,1,"Arctic Shorebird Demographics Network 2016",0.153846153846154,0.991514480166143
"Numenius_phaeopus","Burntpoint Creek, Ontario",55.2,-84.3,"North temperate","after",NA,NA,"NO","NA",29,"132",10,7,NA,2,12,19,0.6,169.5,"2012-2014",2013,3,"Arctic Shorebird Demographics Network 2016",0.0589970501474926,0.828549577066508
"Pluvialis_dominica","Burntpoint Creek, Ontario",55.2,-84.3,"North temperate","after",NA,NA,"NO","NA",32.25,"132",0,1,NA,0,0,1,0.6,14,"2012-2014",2013,1,"Arctic Shorebird Demographics Network 2016",0,0
"Limosa_haemastica","Burntpoint Creek, Ontario",55.2,-84.3,"North temperate","after",NA,NA,"NO","NA",27,"132",1,2,NA,0,1,3,0.6,30,"2012-2014",2013,2,"Arctic Shorebird Demographics Network 2016",0.0333333333333333,0.599620285232544
"Phalaropus_lobatus","Burntpoint Creek, Ontario",55.2,-84.3,"North temperate","after",NA,NA,"NO","NA",22.5,"132",1,0,NA,0,1,1,0.6,6,"2012-2014",2013,1,"Arctic Shorebird Demographics Network 2016",0.166666666666667,0.98346432362721
"Charadrius_semipalmatus","Burntpoint Creek, Ontario",55.2,-84.3,"North temperate","after",NA,NA,"NO","NA",28,"132",3,0,NA,0,3,3,0.6,9,"2012-2014",2013,1,"Arctic Shorebird Demographics Network 2016",0.333333333333333,0.999988266036136
"Calidris_fuscicollis","Bylot Island",73.2,-80,"Arctic","after",NA,NA,"NO","NA",26,"132",38,23,NA,5,43,66,0.6,601,"2005-2014",2009.5,8,"Arctic Shorebird Demographics Network 2016",0.0632279534109817,0.816986977282778
"Pluvialis_dominica","Bylot Island",73.2,-80,"Arctic","after",NA,NA,"NO","NA",32.25,"132",91,57,NA,6,97,154,0.6,1495.5,"2005-2014",2009.5,9,"Arctic Shorebird Demographics Network 2016",0.0608492143095955,0.867957338668269
"Calidris_bairdii","Bylot Island",73.2,-80,"Arctic","after",NA,NA,"NO","NA",24.3,"132",66,76,NA,6,72,148,0.6,1605,"2005-2014",2009.5,9,"Arctic Shorebird Demographics Network 2016",0.0411214953271028,0.639541667666417
"Calidris_melanotos","Bylot Island",73.2,-80,"Arctic","after",NA,NA,"NO","NA",26,"132",4,4,NA,2,6,10,0.6,94,"2005-2014",2009.5,4,"Arctic Shorebird Demographics Network 2016",0.0425531914893617,0.677164673368069
"Phalaropus_fulicarius","Bylot Island",73.2,-80,"Arctic","after",NA,NA,"NO","NA",22.8,"132",1,4,NA,0,1,5,0.6,56.5,"2005-2014",2009.5,4,"Arctic Shorebird Demographics Network 2016",0.0176991150442478,0.334458095854728
"Pluvialis_squatarola","Bylot Island",73.2,-80,"Arctic","after",NA,NA,"NO","NA",31.75,"132",10,8,NA,0,10,18,0.6,160.5,"2005-2014",2009.5,6,"Arctic Shorebird Demographics Network 2016",0.0623052959501558,0.870296571457293
"Arenaria_interpres","Bylot Island",73.2,-80,"Arctic","after",NA,NA,"NO","NA",25.9,"132",1,1,NA,0,1,2,0.6,31,"2005-2014",2009.5,2,"Arctic Shorebird Demographics Network 2016",0.032258064516129,0.572267128865418
"Charadrius_hiaticula","Bylot Island",73.2,-80,"Arctic","after",NA,NA,"NO","NA",28,"132",0,14,NA,0,0,14,0.6,174.5,"2005-2014",2009.5,3,"Arctic Shorebird Demographics Network 2016",0,0
"Arenaria_interpres","Canning River Delta, Alaska",70.1,-145.8,"Arctic","after",NA,NA,"NO","NA",25.9,"132",2,5,NA,0,2,7,0.6,52,"2010-2014",2012,4,"Arctic Shorebird Demographics Network 2016",0.0384615384615385,0.637893340361924
"Calidris_alba","Canning River Delta, Alaska",70.1,-145.8,"Arctic","after",NA,NA,"NO","NA",30.5,"132",0,0,NA,1,1,1,0.6,9,"2010-2014",2012,1,"Arctic Shorebird Demographics Network 2016",0,0
"Calidris_alpina","Canning River Delta, Alaska",70.1,-145.8,"Arctic","after",NA,NA,"NO","NA",25,"132",27,21,NA,2,29,50,0.6,525.5,"2010-2014",2012,5,"Arctic Shorebird Demographics Network 2016",0.0513796384395813,0.73250784037209
"Calidris_bairdii","Canning River Delta, Alaska",70.1,-145.8,"Arctic","after",NA,NA,"NO","NA",24.3,"132",1,0,NA,0,1,1,0.6,6,"2010-2014",2012,1,"Arctic Shorebird Demographics Network 2016",0.166666666666667,0.988090439881512
"Calidris_himantopus","Canning River Delta, Alaska",70.1,-145.8,"Arctic","after",NA,NA,"NO","NA",24,"132",5,11,NA,1,6,17,0.6,177,"2010-2014",2012,5,"Arctic Shorebird Demographics Network 2016",0.0282485875706215,0.497282118625597
"Calidris_melanotos","Canning River Delta, Alaska",70.1,-145.8,"Arctic","after",NA,NA,"NO","NA",26,"132",154,172,NA,18,172,344,0.6,3686,"2010-2014",2012,5,"Arctic Shorebird Demographics Network 2016",0.0417797069994574,0.670314790092486
"Calidris_pusilla","Canning River Delta, Alaska",70.1,-145.8,"Arctic","after",NA,NA,"NO","NA",23.5,"132",149,202,NA,25,174,376,0.6,4055,"2010-2014",2012,5,"Arctic Shorebird Demographics Network 2016",0.0367447595561036,0.585120057237301
"Phalaropus_fulicarius","Canning River Delta, Alaska",70.1,-145.8,"Arctic","after",NA,NA,"NO","NA",22.8,"132",65,60,NA,10,75,135,0.6,1170,"2010-2014",2012,5,"Arctic Shorebird Demographics Network 2016",0.0555555555555556,0.728342130067668
"Phalaropus_lobatus","Canning River Delta, Alaska",70.1,-145.8,"Arctic","after",NA,NA,"NO","NA",22.5,"132",70,72,NA,12,82,154,0.6,1529.5,"2010-2014",2012,5,"Arctic Shorebird Demographics Network 2016",0.045766590389016,0.651479037232626
"Pluvialis_squatarola","Canning River Delta, Alaska",70.1,-145.8,"Arctic","after",NA,NA,"NO","NA",31.75,"132",0,1,NA,0,0,1,0.6,22,"2010-2014",2012,1,"Arctic Shorebird Demographics Network 2016",0,0
"Tryngites_subruficollis","Canning River Delta, Alaska",70.1,-145.8,"Arctic","after",NA,NA,"NO","NA",27,"132",9,5,NA,0,9,14,0.6,167,"2010-2014",2012,3,"Arctic Shorebird Demographics Network 2016",0.0538922155688623,0.775923337757437
"Limnodromus_scolopaceus","Canning River Delta, Alaska",70.1,-145.8,"Arctic","after",NA,NA,"NO","NA",24.25,"132",2,3,NA,0,2,5,0.6,41,"2010-2014",2012,4,"Arctic Shorebird Demographics Network 2016",0.0487804878048781,0.702622439166918
"Pluvialis_dominica","Canning River Delta, Alaska",70.1,-145.8,"Arctic","after",NA,NA,"NO","NA",32.25,"132",7,1,NA,1,8,9,0.6,98.5,"2010-2014",2012,3,"Arctic Shorebird Demographics Network 2016",0.0710659898477157,0.907207719105362
"Calidris_alpina","Cape Krusenstern, Alaska",67.1,-163.5,"Arctic","after",NA,NA,"NO","NA",25,"132",25,47,NA,2,27,74,0.6,1058.5,"2010-2014",2012,5,"Arctic Shorebird Demographics Network 2016",0.0236183278223902,0.44983815825757
"Calidris_mauri","Cape Krusenstern, Alaska",67.1,-163.5,"Arctic","after",NA,NA,"NO","NA",25,"132",73,47,NA,11,84,131,0.6,1524.5,"2010-2014",2012,5,"Arctic Shorebird Demographics Network 2016",0.0478845523122335,0.706748470005796
"Calidris_pusilla","Cape Krusenstern, Alaska",67.1,-163.5,"Arctic","after",NA,NA,"NO","NA",23.5,"132",56,79,NA,5,61,140,0.6,1611,"2010-2014",2012,5,"Arctic Shorebird Demographics Network 2016",0.0347610180012415,0.564569301504029
"Phalaropus_lobatus","Cape Krusenstern, Alaska",67.1,-163.5,"Arctic","after",NA,NA,"NO","NA",22.5,"132",36,19,NA,1,37,56,0.6,585.5,"2010-2014",2012,5,"Arctic Shorebird Demographics Network 2016",0.0614859094790777,0.760162029574889
"Arenaria_melanocephala","Cape Krusenstern, Alaska",67.1,-163.5,"Arctic","after",NA,NA,"NO","NA",NA,"132",3,0,NA,0,3,3,0.6,24,"2010-2014",2012,1,"Arctic Shorebird Demographics Network 2016",0.125,NA
"Limnodromus_scolopaceus","Cape Krusenstern, Alaska",67.1,-163.5,"Arctic","after",NA,NA,"NO","NA",24.25,"132",0,1,NA,0,0,1,0.6,19,"2010-2014",2012,1,"Arctic Shorebird Demographics Network 2016",0,0
"Pluvialis_squatarola","Cape Krusenstern, Alaska",67.1,-163.5,"Arctic","after",NA,NA,"NO","NA",31.75,"132",0,1,NA,0,0,1,0.6,13,"2010-2014",2012,1,"Arctic Shorebird Demographics Network 2016",0,0
"Phalaropus_fulicarius","Cape Krusenstern, Alaska",67.1,-163.5,"Arctic","after",NA,NA,"NO","NA",22.8,"132",1,0,NA,0,1,1,0.6,20.5,"2010-2014",2012,1,"Arctic Shorebird Demographics Network 2016",0.0487804878048781,0.680256954672031
"Calidris_alpina","Churchill, Manitoba",58.698,-93.942,"North temperate","after",NA,NA,"NO","NA",25,"132",25,79,NA,6,31,110,0.6,1493.5,"2011-2014",2012.5,4,"Arctic Shorebird Demographics Network 2016",0.016739203213927,0.344280501634369
"Numenius_phaeopus","Churchill, Manitoba",58.698,-93.942,"North temperate","after",NA,NA,"NO","NA",29,"132",82,59,NA,8,90,149,0.6,1620.5,"2011-2014",2012.5,4,"Arctic Shorebird Demographics Network 2016",0.0506016661524221,0.77817755330306
"Phalaropus_lobatus","Churchill, Manitoba",58.698,-93.942,"North temperate","after",NA,NA,"NO","NA",22.5,"132",3,9,NA,1,4,13,0.6,189.5,"2011-2014",2012.5,4,"Arctic Shorebird Demographics Network 2016",0.0158311345646438,0.301660686864921
"Calidris_himantopus","Churchill, Manitoba",58.698,-93.942,"North temperate","after",NA,NA,"NO","NA",24,"132",1,5,NA,0,1,6,0.6,78.5,"2011-2014",2012.5,3,"Arctic Shorebird Demographics Network 2016",0.0127388535031847,0.264861617732869
"Calidris_minutilla","Churchill, Manitoba",58.698,-93.942,"North temperate","after",NA,NA,"NO","NA",24,"132",1,18,NA,2,3,21,0.6,255,"2011-2014",2012.5,3,"Arctic Shorebird Demographics Network 2016",0.00392156862745098,0.0899927162272082
"Limnodromus_griseus","Churchill, Manitoba",58.698,-93.942,"North temperate","after",NA,NA,"NO","NA",25,"132",6,16,NA,1,7,23,0.6,262,"2011-2014",2012.5,3,"Arctic Shorebird Demographics Network 2016",0.0229007633587786,0.439640357164461
"Limosa_haemastica","Churchill, Manitoba",58.698,-93.942,"North temperate","after",NA,NA,"NO","NA",27,"132",7,12,NA,1,8,20,0.6,201.5,"2011-2014",2012.5,3,"Arctic Shorebird Demographics Network 2016",0.0347394540942928,0.615051182412264
"Pluvialis_dominica","Churchill, Manitoba",58.698,-93.942,"North temperate","after",NA,NA,"NO","NA",32.25,"132",4,25,NA,1,5,30,0.6,397,"2011-2014",2012.5,3,"Arctic Shorebird Demographics Network 2016",0.0100755667506297,0.27861699516539
"Charadrius_semipalmatus","Churchill, Manitoba",58.698,-93.942,"North temperate","after",NA,NA,"NO","NA",28,"132",11,44,NA,12,23,67,0.6,1003,"2011-2014",2012.5,2,"Arctic Shorebird Demographics Network 2016",0.0109670987038883,0.265654064010527
"Charadrius_vociferus","Churchill, Manitoba",58.698,-93.942,"North temperate","after",NA,NA,"NO","NA",28.55,"132",1,0,NA,0,1,1,0.6,11,"2011-2014",2012.5,1,"Arctic Shorebird Demographics Network 2016",0.0909090909090909,0.934198038654549
"Gallinago_delicata","Churchill, Manitoba",58.698,-93.942,"North temperate","after",NA,NA,"NO","NA",23,"132",1,0,NA,0,1,1,0.6,4.5,"2011-2014",2012.5,1,"Arctic Shorebird Demographics Network 2016",0.222222222222222,0.996912000628844
"Arenaria_interpres","Coats Island",62.855204,-82.498505,"Arctic","after",NA,NA,"NO","NA",25.9,"132",8,2,NA,0,8,10,0.6,61,"2004-2014",2009,2,"Arctic Shorebird Demographics Network 2016",0.131147540983607,0.973775797133187
"Calidris_alpina","Coats Island",62.855204,-82.498505,"Arctic","after",NA,NA,"NO","NA",25,"132",2,34,NA,1,3,37,0.6,435.5,"2004-2014",2009,4,"Arctic Shorebird Demographics Network 2016",0.00459242250287026,0.108700707650526
"Calidris_fuscicollis","Coats Island",62.855204,-82.498505,"Arctic","after",NA,NA,"NO","NA",26,"132",0,10,NA,0,0,10,0.6,134,"2004-2014",2009,3,"Arctic Shorebird Demographics Network 2016",0,0
"Calidris_pusilla","Coats Island",62.855204,-82.498505,"Arctic","after",NA,NA,"NO","NA",23.5,"132",9,98,NA,0,9,107,0.6,1345.5,"2004-2014",2009,4,"Arctic Shorebird Demographics Network 2016",0.00668896321070234,0.145910007249709
"Phalaropus_fulicarius","Coats Island",62.855204,-82.498505,"Arctic","after",NA,NA,"NO","NA",22.8,"132",4,15,NA,0,4,19,0.6,237.5,"2004-2014",2009,4,"Arctic Shorebird Demographics Network 2016",0.0168421052631579,0.32109254527347
"Pluvialis_dominica","Coats Island",62.855204,-82.498505,"Arctic","after",NA,NA,"NO","NA",32.25,"132",4,8,NA,1,5,13,0.6,208.5,"2004-2014",2009,4,"Arctic Shorebird Demographics Network 2016",0.0191846522781775,0.464587001794596
"Pluvialis_squatarola","Coats Island",62.855204,-82.498505,"Arctic","after",NA,NA,"NO","NA",31.75,"132",5,4,NA,0,5,9,0.6,99,"2004-2014",2009,3,"Arctic Shorebird Demographics Network 2016",0.0505050505050505,0.807073483229675
"Calidris_melanotos","Coats Island",62.855204,-82.498505,"Arctic","after",NA,NA,"NO","NA",26,"132",0,3,NA,0,0,3,0.6,37,"2004-2014",2009,1,"Arctic Shorebird Demographics Network 2016",0,0
"Charadrius_semipalmatus","Coats Island",62.855204,-82.498505,"Arctic","after",NA,NA,"NO","NA",28,"132",2,0,NA,0,2,2,0.6,8,"2004-2014",2009,1,"Arctic Shorebird Demographics Network 2016",0.25,0.999682520728587
"Phalaropus_lobatus","Coats Island",62.855204,-82.498505,"Arctic","after",NA,NA,"NO","NA",22.5,"132",1,0,NA,0,1,1,0.6,9.5,"2004-2014",2009,1,"Arctic Shorebird Demographics Network 2016",0.105263157894737,0.918126244896089
"Arenaria_interpres","Colville River Delta, Alaska",70.4,-150.7,"Arctic","after",NA,NA,"NO","NA",25.9,"132",16,16,NA,0,16,32,0.6,289.5,"2011-2014",2012.5,4,"Arctic Shorebird Demographics Network 2016",0.0552677029360967,0.770650946863169
"Calidris_alpina","Colville River Delta, Alaska",70.4,-150.7,"Arctic","after",NA,NA,"NO","NA",25,"132",14,33,NA,1,15,48,0.6,695.5,"2011-2014",2012.5,4,"Arctic Shorebird Demographics Network 2016",0.0201294033069734,0.398524217168851
"Calidris_melanotos","Colville River Delta, Alaska",70.4,-150.7,"Arctic","after",NA,NA,"NO","NA",26,"132",7,15,NA,0,7,22,0.6,271,"2011-2014",2012.5,4,"Arctic Shorebird Demographics Network 2016",0.025830258302583,0.493592025613791
"Calidris_pusilla","Colville River Delta, Alaska",70.4,-150.7,"Arctic","after",NA,NA,"NO","NA",23.5,"132",93,232,NA,5,98,330,0.6,4337.5,"2011-2014",2012.5,4,"Arctic Shorebird Demographics Network 2016",0.0214409221902017,0.399109029758253
"Charadrius_semipalmatus","Colville River Delta, Alaska",70.4,-150.7,"Arctic","after",NA,NA,"NO","NA",28,"132",0,1,NA,0,0,1,0.6,21.5,"2011-2014",2012.5,1,"Arctic Shorebird Demographics Network 2016",0,0
"Limnodromus_scolopaceus","Colville River Delta, Alaska",70.4,-150.7,"Arctic","after",NA,NA,"NO","NA",24.25,"132",1,1,NA,0,1,2,0.6,5.5,"2011-2014",2012.5,2,"Arctic Shorebird Demographics Network 2016",0.181818181818182,0.992297916212319
"Limosa_lapponica","Colville River Delta, Alaska",70.4,-150.7,"Arctic","after",NA,NA,"NO","NA",24.75,"132",0,1,NA,0,0,1,0.6,12.5,"2011-2014",2012.5,1,"Arctic Shorebird Demographics Network 2016",0,0
"Phalaropus_fulicarius","Colville River Delta, Alaska",70.4,-150.7,"Arctic","after",NA,NA,"NO","NA",22.8,"132",20,43,NA,5,25,68,0.6,811.5,"2011-2014",2012.5,4,"Arctic Shorebird Demographics Network 2016",0.0246457178065311,0.43388767932558
"Phalaropus_lobatus","Colville River Delta, Alaska",70.4,-150.7,"Arctic","after",NA,NA,"NO","NA",22.5,"132",17,48,NA,4,21,69,0.6,898.5,"2011-2014",2012.5,4,"Arctic Shorebird Demographics Network 2016",0.0189204229271007,0.349353209595589
"Pluvialis_squatarola","Colville River Delta, Alaska",70.4,-150.7,"Arctic","after",NA,NA,"NO","NA",31.75,"132",5,15,NA,1,6,21,0.6,452.5,"2011-2014",2012.5,4,"Arctic Shorebird Demographics Network 2016",0.0110497237569061,0.297269211552384
"Calidris_himantopus","Colville River Delta, Alaska",70.4,-150.7,"Arctic","after",NA,NA,"NO","NA",24,"132",0,1,NA,0,0,1,0.6,9,"2011-2014",2012.5,1,"Arctic Shorebird Demographics Network 2016",0,0
"Pluvialis_dominica","Colville River Delta, Alaska",70.4,-150.7,"Arctic","after",NA,NA,"NO","NA",32.25,"132",3,0,NA,0,3,3,0.6,33.5,"2011-2014",2012.5,3,"Arctic Shorebird Demographics Network 2016",0.0895522388059701,0.951473966689996
"Arenaria_interpres","Igloolik",69.4,-81.6,"Arctic","after",NA,NA,"NO","NA",25.9,"132",2,1,NA,0,2,3,0.6,30,"2013-2014",2013.5,2,"Arctic Shorebird Demographics Network 2016",0.0666666666666667,0.832524025112499
"Calidris_bairdii","Igloolik",69.4,-81.6,"Arctic","after",NA,NA,"NO","NA",24.3,"132",1,2,NA,0,1,3,0.6,33.5,"2013-2014",2013.5,2,"Arctic Shorebird Demographics Network 2016",0.0298507462686567,0.521174952090243
"Calidris_fuscicollis","Igloolik",69.4,-81.6,"Arctic","after",NA,NA,"NO","NA",26,"132",11,10,NA,0,11,21,0.6,216.5,"2013-2014",2013.5,2,"Arctic Shorebird Demographics Network 2016",0.0508083140877598,0.742247988273392
"Calidris_pusilla","Igloolik",69.4,-81.6,"Arctic","after",NA,NA,"NO","NA",23.5,"132",8,5,NA,0,8,13,0.6,84.5,"2013-2014",2013.5,2,"Arctic Shorebird Demographics Network 2016",0.0946745562130177,0.903414692728446
"Phalaropus_fulicarius","Igloolik",69.4,-81.6,"Arctic","after",NA,NA,"NO","NA",22.8,"132",19,11,NA,0,19,30,0.6,289.5,"2013-2014",2013.5,2,"Arctic Shorebird Demographics Network 2016",0.0656303972366149,0.78727115043358
"Pluvialis_dominica","Igloolik",69.4,-81.6,"Arctic","after",NA,NA,"NO","NA",32.25,"132",6,16,NA,0,6,22,0.6,312.5,"2013-2014",2013.5,2,"Arctic Shorebird Demographics Network 2016",0.0192,0.464857129490726
"Pluvialis_squatarola","Igloolik",69.4,-81.6,"Arctic","after",NA,NA,"NO","NA",31.75,"132",1,3,NA,0,1,4,0.6,57.5,"2013-2014",2013.5,2,"Arctic Shorebird Demographics Network 2016",0.0173913043478261,0.427092972678862
"Calidris_alpina","Igloolik",69.4,-81.6,"Arctic","after",NA,NA,"NO","NA",25,"132",0,1,NA,0,0,1,0.6,7,"2013-2014",2013.5,1,"Arctic Shorebird Demographics Network 2016",0,0
"Calidris_maritima","Igloolik",69.4,-81.6,"Arctic","after",NA,NA,"NO","NA",25.75,"132",0,1,NA,0,0,1,0.6,23,"2013-2014",2013.5,1,"Arctic Shorebird Demographics Network 2016",0,0
"Calidris_melanotos","Igloolik",69.4,-81.6,"Arctic","after",NA,NA,"NO","NA",26,"132",1,0,NA,0,1,1,0.6,2.5,"2013-2014",2013.5,1,"Arctic Shorebird Demographics Network 2016",0.4,0.999998294182718
"Calidris_alpina","Ikpikpuk, Alaska",70.6,-154.7,"Arctic","after",NA,NA,"NO","NA",25,"132",34,22,NA,0,34,56,0.6,567,"2010-2014",2012,5,"Arctic Shorebird Demographics Network 2016",0.0599647266313933,0.78689003716527
"Calidris_melanotos","Ikpikpuk, Alaska",70.6,-154.7,"Arctic","after",NA,NA,"NO","NA",26,"132",17,5,NA,1,18,23,0.6,162,"2010-2014",2012,4,"Arctic Shorebird Demographics Network 2016",0.104938271604938,0.94400133417627
"Calidris_pusilla","Ikpikpuk, Alaska",70.6,-154.7,"Arctic","after",NA,NA,"NO","NA",23.5,"132",90,107,NA,6,96,203,0.6,2299,"2010-2014",2012,5,"Arctic Shorebird Demographics Network 2016",0.039147455415398,0.608768785196412
"Phalaropus_fulicarius","Ikpikpuk, Alaska",70.6,-154.7,"Arctic","after",NA,NA,"NO","NA",22.8,"132",21,40,NA,1,22,62,0.6,617,"2010-2014",2012,4,"Arctic Shorebird Demographics Network 2016",0.0340356564019449,0.545940274647284
"Phalaropus_lobatus","Ikpikpuk, Alaska",70.6,-154.7,"Arctic","after",NA,NA,"NO","NA",22.5,"132",25,25,NA,3,28,53,0.6,457.5,"2010-2014",2012,4,"Arctic Shorebird Demographics Network 2016",0.0546448087431694,0.717584972917979
"Limnodromus_scolopaceus","Ikpikpuk, Alaska",70.6,-154.7,"Arctic","after",NA,NA,"NO","NA",24.25,"132",14,1,NA,0,14,15,0.6,114,"2010-2014",2012,3,"Arctic Shorebird Demographics Network 2016",0.12280701754386,0.958307555904884
"Pluvialis_squatarola","Ikpikpuk, Alaska",70.6,-154.7,"Arctic","after",NA,NA,"NO","NA",31.75,"132",7,2,NA,0,7,9,0.6,87.5,"2010-2014",2012,3,"Arctic Shorebird Demographics Network 2016",0.08,0.929162452278777
"Tryngites_subruficollis","Ikpikpuk, Alaska",70.6,-154.7,"Arctic","after",NA,NA,"NO","NA",27,"132",2,0,NA,0,2,2,0.6,10,"2010-2014",2012,1,"Arctic Shorebird Demographics Network 2016",0.2,0.997582148360771
"Limosa_lapponica","Ikpikpuk, Alaska",70.6,-154.7,"Arctic","after",NA,NA,"NO","NA",24.75,"132",2,0,NA,0,2,2,0.6,8,"2010-2014",2012,2,"Arctic Shorebird Demographics Network 2016",0.25,0.999191339427465
"Pluvialis_dominica","Ikpikpuk, Alaska",70.6,-154.7,"Arctic","after",NA,NA,"NO","NA",32.25,"132",4,1,NA,0,4,5,0.6,40,"2010-2014",2012,2,"Arctic Shorebird Demographics Network 2016",0.1,0.966555790949952
"Arenaria_interpres","Kuparuk Oilfield, North Slope, Alaska",70.38,-149.534,"Arctic","after",NA,NA,"NO","NA",25.9,"132",0,1,NA,0,0,1,0.6,13,"2010-2013",2011.5,1,"Arctic Shorebird Demographics Network 2016",0,0
"Calidris_melanotos","Kuparuk Oilfield, North Slope, Alaska",70.38,-149.534,"Arctic","after",NA,NA,"NO","NA",26,"132",5,5,NA,1,6,11,0.6,132.5,"2010-2013",2011.5,2,"Arctic Shorebird Demographics Network 2016",0.0377358490566038,0.632165916127454
"Calidris_pusilla","Kuparuk Oilfield, North Slope, Alaska",70.38,-149.534,"Arctic","after",NA,NA,"NO","NA",23.5,"132",2,19,NA,0,2,21,0.6,303,"2010-2013",2011.5,2,"Arctic Shorebird Demographics Network 2016",0.0066006600660066,0.144123944132623
"Phalaropus_fulicarius","Kuparuk Oilfield, North Slope, Alaska",70.38,-149.534,"Arctic","after",NA,NA,"NO","NA",22.8,"132",1,2,NA,1,2,4,0.6,51.5,"2010-2013",2011.5,2,"Arctic Shorebird Demographics Network 2016",0.0194174757281553,0.360502871151423
"Calidris_alpina","Kuparuk Oilfield, North Slope, Alaska",70.38,-149.534,"Arctic","after",NA,NA,"NO","NA",25,"132",0,2,NA,0,0,2,0.6,30,"2010-2013",2011.5,1,"Arctic Shorebird Demographics Network 2016",0,0
"Calidris_himantopus","Kuparuk Oilfield, North Slope, Alaska",70.38,-149.534,"Arctic","after",NA,NA,"NO","NA",24,"132",0,2,NA,0,0,2,0.6,38,"2010-2013",2011.5,1,"Arctic Shorebird Demographics Network 2016",0,0
"Tryngites_subruficollis","Kuparuk Oilfield, North Slope, Alaska",70.38,-149.534,"Arctic","after",NA,NA,"NO","NA",27,"132",1,1,NA,0,1,2,0.6,35,"2010-2013",2011.5,1,"Arctic Shorebird Demographics Network 2016",0.0285714285714286,0.542813326507442
"Limnodromus_scolopaceus","Kuparuk Oilfield, North Slope, Alaska",70.38,-149.534,"Arctic","after",NA,NA,"NO","NA",24.25,"132",2,3,NA,0,2,5,0.6,58.5,"2010-2013",2011.5,1,"Arctic Shorebird Demographics Network 2016",0.0341880341880342,0.56982505967749
"Phalaropus_lobatus","Kuparuk Oilfield, North Slope, Alaska",70.38,-149.534,"Arctic","after",NA,NA,"NO","NA",22.5,"132",2,8,NA,0,2,10,0.6,117,"2010-2013",2011.5,1,"Arctic Shorebird Demographics Network 2016",0.0170940170940171,0.321547388224498
"Pluvialis_dominica","Kuparuk Oilfield, North Slope, Alaska",70.38,-149.534,"Arctic","after",NA,NA,"NO","NA",32.25,"132",0,2,NA,0,0,2,0.6,41,"2010-2013",2011.5,1,"Arctic Shorebird Demographics Network 2016",0,0
"Calidris_ferruginea","Lower Khatanga River",72.906,106.104,"Arctic","after",NA,NA,"NO","NA",24.7,"132",0,3,NA,0,0,3,0.6,37,"2012-2014",2013,2,"Arctic Shorebird Demographics Network 2016",0,0
"Calidris_temminckii","Lower Khatanga River",72.906,106.104,"Arctic","after",NA,NA,"NO","NA",24.8,"132",0,21,NA,0,0,21,0.6,129,"2012-2014",2013,2,"Arctic Shorebird Demographics Network 2016",0,0
"Phalaropus_lobatus","Lower Khatanga River",72.906,106.104,"Arctic","after",NA,NA,"NO","NA",22.5,"132",2,10,NA,0,2,12,0.6,86,"2012-2014",2013,2,"Arctic Shorebird Demographics Network 2016",0.0232558139534884,0.411063076401216
"Pluvialis_fulva","Lower Khatanga River",72.906,106.104,"Arctic","after",NA,NA,"NO","NA",33.25,"132",12,1,NA,0,12,13,0.6,105.5,"2012-2014",2013,2,"Arctic Shorebird Demographics Network 2016",0.113744075829384,0.981955627716469
"Pluvialis_squatarola","Lower Khatanga River",72.906,106.104,"Arctic","after",NA,NA,"NO","NA",31.75,"132",4,0,NA,0,4,4,0.6,17,"2012-2014",2013,2,"Arctic Shorebird Demographics Network 2016",0.235294117647059,0.999800037673044
"Tringa_erythropus","Lower Khatanga River",72.906,106.104,"Arctic","after",NA,NA,"NO","NA",27.75,"132",1,1,NA,0,1,2,0.6,4.5,"2012-2014",2013,2,"Arctic Shorebird Demographics Network 2016",0.222222222222222,0.999064075160879
"Calidris_ruficollis","Lower Khatanga River",72.906,106.104,"Arctic","after",NA,NA,"NO","NA",25.5,"132",0,1,NA,0,0,1,0.6,21,"2012-2014",2013,1,"Arctic Shorebird Demographics Network 2016",0,0
"Gallinago_gallinago","Lower Khatanga River",72.906,106.104,"Arctic","after",NA,NA,"NO","NA",23,"132",1,2,NA,0,1,3,0.6,25.5,"2012-2014",2013,1,"Arctic Shorebird Demographics Network 2016",0.0392156862745098,0.601529852654015
"Limnodromus_scolopaceus","Lower Khatanga River",72.906,106.104,"Arctic","after",NA,NA,"NO","NA",24.25,"132",0,1,NA,0,0,1,0.6,6,"2012-2014",2013,1,"Arctic Shorebird Demographics Network 2016",0,0
"Calidris_himantopus","Mackenzie River Delta (Niglintgak, Island)",69.045,-135.048,"Arctic","after",NA,NA,"NO","NA",24,"132",3,3,NA,2,5,8,0.6,105.5,"2010-2014",2012,3,"Arctic Shorebird Demographics Network 2016",0.028436018957346,0.499604105121856
"Calidris_pusilla","Mackenzie River Delta (Niglintgak, Island)",69.045,-135.048,"Arctic","after",NA,NA,"NO","NA",23.5,"132",9,30,NA,4,13,43,0.6,423,"2010-2014",2012,5,"Arctic Shorebird Demographics Network 2016",0.0212765957446809,0.396733258503788
"Charadrius_semipalmatus","Mackenzie River Delta (Niglintgak, Island)",69.045,-135.048,"Arctic","after",NA,NA,"NO","NA",28,"132",2,20,NA,1,3,23,0.6,479.5,"2010-2014",2012,5,"Arctic Shorebird Demographics Network 2016",0.00417101147028154,0.110443774172964
"Limnodromus_scolopaceus","Mackenzie River Delta (Niglintgak, Island)",69.045,-135.048,"Arctic","after",NA,NA,"NO","NA",24.25,"132",0,3,NA,0,0,3,0.6,28,"2010-2014",2012,1,"Arctic Shorebird Demographics Network 2016",0,0
"Numenius_phaeopus","Mackenzie River Delta (Niglintgak, Island)",69.045,-135.048,"Arctic","after",NA,NA,"NO","NA",29,"132",26,16,NA,1,27,43,0.6,516.5,"2010-2014",2012,5,"Arctic Shorebird Demographics Network 2016",0.0503388189738625,0.776389655884496
"Calidris_melanotos","Mackenzie River Delta (Niglintgak, Island)",69.045,-135.048,"Arctic","after",NA,NA,"NO","NA",26,"132",7,10,NA,1,8,18,0.6,155,"2010-2014",2012,4,"Arctic Shorebird Demographics Network 2016",0.0451612903225806,0.699267442364436
"Calidris_minutilla","Mackenzie River Delta (Niglintgak, Island)",69.045,-135.048,"Arctic","after",NA,NA,"NO","NA",24,"132",0,4,NA,0,0,4,0.6,45.5,"2010-2014",2012,2,"Arctic Shorebird Demographics Network 2016",0,0
"Pluvialis_dominica","Mackenzie River Delta (Niglintgak, Island)",69.045,-135.048,"Arctic","after",NA,NA,"NO","NA",32.25,"132",0,1,NA,0,0,1,0.6,24,"2010-2014",2012,1,"Arctic Shorebird Demographics Network 2016",0,0
"Limosa_haemastica","Mackenzie River Delta (Niglintgak, Island)",69.045,-135.048,"Arctic","after",NA,NA,"NO","NA",27,"132",2,1,NA,1,3,4,0.6,55,"2010-2014",2012,3,"Arctic Shorebird Demographics Network 2016",0.0363636363636364,0.632162618055894
"Calidris_alba","Southampot Island, East Bay migratory bird sanctuary",64.017,-81.783,"Arctic","after",NA,NA,"NO","NA",30.5,"132",0,1,NA,0,0,1,0.6,20,"2010-2014",2012,1,"Arctic Shorebird Demographics Network 2016",0,0
"Calidris_fuscicollis","Southampot Island, East Bay migratory bird sanctuary",64.017,-81.783,"Arctic","after",NA,NA,"NO","NA",26,"132",40,22,NA,1,41,63,0.6,626.5,"2010-2014",2012,5,"Arctic Shorebird Demographics Network 2016",0.0638467677573823,0.820104429853748
"Charadrius_semipalmatus","Southampot Island, East Bay migratory bird sanctuary",64.017,-81.783,"Arctic","after",NA,NA,"NO","NA",28,"132",17,11,NA,0,17,28,0.6,305.5,"2010-2014",2012,5,"Arctic Shorebird Demographics Network 2016",0.0556464811783961,0.798734710838015
"Phalaropus_fulicarius","Southampot Island, East Bay migratory bird sanctuary",64.017,-81.783,"Arctic","after",NA,NA,"NO","NA",22.8,"132",28,7,NA,3,31,38,0.6,280.5,"2010-2014",2012,5,"Arctic Shorebird Demographics Network 2016",0.0998217468805704,0.90907356067588
"Pluvialis_squatarola","Southampot Island, East Bay migratory bird sanctuary",64.017,-81.783,"Arctic","after",NA,NA,"NO","NA",31.75,"132",17,15,NA,3,20,35,0.6,458,"2010-2014",2012,5,"Arctic Shorebird Demographics Network 2016",0.037117903930131,0.699083301043569
"Calidris_alpina","Southampot Island, East Bay migratory bird sanctuary",64.017,-81.783,"Arctic","after",NA,NA,"NO","NA",25,"132",6,2,NA,0,6,8,0.6,75.5,"2010-2014",2012,4,"Arctic Shorebird Demographics Network 2016",0.0794701986754967,0.873832840945895
"Pluvialis_dominica","Southampot Island, East Bay migratory bird sanctuary",64.017,-81.783,"Arctic","after",NA,NA,"NO","NA",32.25,"132",4,1,NA,0,4,5,0.6,51.5,"2010-2014",2012,2,"Arctic Shorebird Demographics Network 2016",0.0776699029126214,0.926279924076308
"Calidris_pusilla","Southampot Island, East Bay migratory bird sanctuary",64.017,-81.783,"Arctic","after",NA,NA,"NO","NA",23.5,"132",3,1,NA,0,3,4,0.6,33,"2010-2014",2012,2,"Arctic Shorebird Demographics Network 2016",0.0909090909090909,0.893519054507319
"Charadrius_semipalmatus","Zackenberg",74.478,-20.555,"Arctic","after",NA,NA,"YES","NA",28,"4, 500",NA,NA,NA,NA,NA,NA,0.5,0,"1996-2018",2008.26315789474,19,"BioBasis Monitoring Programme, Zackenberg",NA,NA
"Calidris_melanotos","Zackenberg",74.478,-20.555,"Arctic","after",NA,NA,"YES","NA",26,"4",NA,NA,NA,NA,NA,NA,0.5,0,"2007-2018",2012.5,3,"BioBasis Monitoring Programme, Zackenberg",NA,NA
"Charadrius_semipalmatus","Zackenberg",74.478,-20.555,"Arctic","before",NA,NA,"YES","NA",28,"500",NA,NA,NA,NA,NA,NA,0.5,0,"1996-2006",2001,4,"BioBasis Monitoring Programme, Zackenberg",NA,NA
"Phalaropus_fulicarius","Zackenberg",74.478,-20.555,"Arctic","before",NA,NA,"YES","NA",22.8,"500",NA,NA,NA,NA,NA,NA,0.5,0,"1996-2006",2001,4,"BioBasis Monitoring Programme, Zackenberg",NA,NA
